pair_id,image_id,physical_class_id,physical_class_name,total_valid_pixels_in_class,below_0_pixel_count,below_0_percent_of_class_valid,minimum_temperature_c,median_temperature_c,mean_temperature_c,below_minus_5_pixel_count,below_minus_10_pixel_count,taxonomy_note
20260107_Thermal_HKUST/DCIM/DJI_202601071424_001::DJI_20260107143259_0005,DJI_20260107143259_0005,0,no_data_unreviewed,0,0,0.0,,,,0,0,physical surface-cover class only; shadow state is separate
20260107_Thermal_HKUST/DCIM/DJI_202601071424_001::DJI_20260107143259_0005,DJI_20260107143259_0005,1,roof,30014,109,0.363164,-19.389074,12.247217,13.367774,43,33,physical surface-cover class only; shadow state is separate
20260107_Thermal_HKUST/DCIM/DJI_202601071424_001::DJI_20260107143259_0005,DJI_20260107143259_0005,2,concrete_pavement,20871,0,0.0,4.845605,18.125727,18.68742,0,0,physical surface-cover class only; shadow state is separate
20260107_Thermal_HKUST/DCIM/DJI_202601071424_001::DJI_20260107143259_0005,DJI_20260107143259_0005,3,asphalt_road,0,0,0.0,,,,0,0,physical surface-cover class only; shadow state is separate
20260107_Thermal_HKUST/DCIM/DJI_202601071424_001::DJI_20260107143259_0005,DJI_20260107143259_0005,4,vegetation_tree,262255,19,0.007245,-9.72431,10.191156,10.476695,8,0,physical surface-cover class only; shadow state is separate
20260107_Thermal_HKUST/DCIM/DJI_202601071424_001::DJI_20260107143259_0005,DJI_20260107143259_0005,5,grass_low_vegetation,14540,0,0.0,10.04571,21.289667,20.92621,0,0,physical surface-cover class only; shadow state is separate
20260107_Thermal_HKUST/DCIM/DJI_202601071424_001::DJI_20260107143259_0005,DJI_20260107143259_0005,6,bare_soil,0,0,0.0,,,,0,0,physical surface-cover class only; shadow state is separate
20260107_Thermal_HKUST/DCIM/DJI_202601071424_001::DJI_20260107143259_0005,DJI_20260107143259_0005,7,water,0,0,0.0,,,,0,0,physical surface-cover class only; shadow state is separate
20260107_Thermal_HKUST/DCIM/DJI_202601071424_001::DJI_20260107143259_0005,DJI_20260107143259_0005,8,vehicle_temporary_object,0,0,0.0,,,,0,0,physical surface-cover class only; shadow state is separate
20260107_Thermal_HKUST/DCIM/DJI_202601071424_001::DJI_20260107143259_0005,DJI_20260107143259_0005,9,unclear_ignore,0,0,0.0,,,,0,0,physical surface-cover class only; shadow state is separate
20260107_Thermal_HKUST/DCIM/DJI_202601071424_001::DJI_20260107143320_0007,DJI_20260107143320_0007,0,no_data_unreviewed,0,0,0.0,,,,0,0,physical surface-cover class only; shadow state is separate
20260107_Thermal_HKUST/DCIM/DJI_202601071424_001::DJI_20260107143320_0007,DJI_20260107143320_0007,1,roof,91251,139,0.152327,-24.187902,13.201746,14.310671,116,90,physical surface-cover class only; shadow state is separate
20260107_Thermal_HKUST/DCIM/DJI_202601071424_001::DJI_20260107143320_0007,DJI_20260107143320_0007,2,concrete_pavement,67562,0,0.0,1.703699,13.421869,14.924343,0,0,physical surface-cover class only; shadow state is separate
20260107_Thermal_HKUST/DCIM/DJI_202601071424_001::DJI_20260107143320_0007,DJI_20260107143320_0007,3,asphalt_road,0,0,0.0,,,,0,0,physical surface-cover class only; shadow state is separate
20260107_Thermal_HKUST/DCIM/DJI_202601071424_001::DJI_20260107143320_0007,DJI_20260107143320_0007,4,vegetation_tree,145962,1,0.000685,-0.295294,11.219599,11.643482,0,0,physical surface-cover class only; shadow state is separate
20260107_Thermal_HKUST/DCIM/DJI_202601071424_001::DJI_20260107143320_0007,DJI_20260107143320_0007,5,grass_low_vegetation,14241,0,0.0,8.652521,20.185816,19.503525,0,0,physical surface-cover class only; shadow state is separate
20260107_Thermal_HKUST/DCIM/DJI_202601071424_001::DJI_20260107143320_0007,DJI_20260107143320_0007,6,bare_soil,8664,0,0.0,5.503808,22.393488,20.35989,0,0,physical surface-cover class only; shadow state is separate
20260107_Thermal_HKUST/DCIM/DJI_202601071424_001::DJI_20260107143320_0007,DJI_20260107143320_0007,7,water,0,0,0.0,,,,0,0,physical surface-cover class only; shadow state is separate
20260107_Thermal_HKUST/DCIM/DJI_202601071424_001::DJI_20260107143320_0007,DJI_20260107143320_0007,8,vehicle_temporary_object,0,0,0.0,,,,0,0,physical surface-cover class only; shadow state is separate
20260107_Thermal_HKUST/DCIM/DJI_202601071424_001::DJI_20260107143320_0007,DJI_20260107143320_0007,9,unclear_ignore,0,0,0.0,,,,0,0,physical surface-cover class only; shadow state is separate
20260107_Thermal_HKUST/DCIM/DJI_202601071424_001::DJI_20260107143328_0008,DJI_20260107143328_0008,0,no_data_unreviewed,0,0,0.0,,,,0,0,physical surface-cover class only; shadow state is separate
20260107_Thermal_HKUST/DCIM/DJI_202601071424_001::DJI_20260107143328_0008,DJI_20260107143328_0008,1,roof,124088,284,0.22887,-26.157614,14.229944,14.740788,183,129,physical surface-cover class only; shadow state is separate
20260107_Thermal_HKUST/DCIM/DJI_202601071424_001::DJI_20260107143328_0008,DJI_20260107143328_0008,2,concrete_pavement,64721,0,0.0,2.580041,13.201746,14.646577,0,0,physical surface-cover class only; shadow state is separate
20260107_Thermal_HKUST/DCIM/DJI_202601071424_001::DJI_20260107143328_0008,DJI_20260107143328_0008,3,asphalt_road,0,0,0.0,,,,0,0,physical surface-cover class only; shadow state is separate
20260107_Thermal_HKUST/DCIM/DJI_202601071424_001::DJI_20260107143328_0008,DJI_20260107143328_0008,4,vegetation_tree,130564,1,0.000766,-2.138098,10.558741,11.038221,0,0,physical surface-cover class only; shadow state is separate
20260107_Thermal_HKUST/DCIM/DJI_202601071424_001::DJI_20260107143328_0008,DJI_20260107143328_0008,5,grass_low_vegetation,6749,0,0.0,10.338861,20.185816,19.329279,0,0,physical surface-cover class only; shadow state is separate
20260107_Thermal_HKUST/DCIM/DJI_202601071424_001::DJI_20260107143328_0008,DJI_20260107143328_0008,6,bare_soil,1558,0,0.0,11.65954,19.891321,19.564678,0,0,physical surface-cover class only; shadow state is separate
20260107_Thermal_HKUST/DCIM/DJI_202601071424_001::DJI_20260107143328_0008,DJI_20260107143328_0008,7,water,0,0,0.0,,,,0,0,physical surface-cover class only; shadow state is separate
20260107_Thermal_HKUST/DCIM/DJI_202601071424_001::DJI_20260107143328_0008,DJI_20260107143328_0008,8,vehicle_temporary_object,0,0,0.0,,,,0,0,physical surface-cover class only; shadow state is separate
20260107_Thermal_HKUST/DCIM/DJI_202601071424_001::DJI_20260107143328_0008,DJI_20260107143328_0008,9,unclear_ignore,0,0,0.0,,,,0,0,physical surface-cover class only; shadow state is separate
20260107_Thermal_HKUST/DCIM/DJI_202601071424_001::DJI_20260107143344_0009,DJI_20260107143344_0009,0,no_data_unreviewed,0,0,0.0,,,,0,0,physical surface-cover class only; shadow state is separate
20260107_Thermal_HKUST/DCIM/DJI_202601071424_001::DJI_20260107143344_0009,DJI_20260107143344_0009,1,roof,163090,817,0.50095,-25.896322,13.641993,14.013281,585,417,physical surface-cover class only; shadow state is separate
20260107_Thermal_HKUST/DCIM/DJI_202601071424_001::DJI_20260107143344_0009,DJI_20260107143344_0009,2,concrete_pavement,75342,10,0.013273,-3.297125,13.495234,15.224455,0,0,physical surface-cover class only; shadow state is separate
20260107_Thermal_HKUST/DCIM/DJI_202601071424_001::DJI_20260107143344_0009,DJI_20260107143344_0009,3,asphalt_road,0,0,0.0,,,,0,0,physical surface-cover class only; shadow state is separate
20260107_Thermal_HKUST/DCIM/DJI_202601071424_001::DJI_20260107143344_0009,DJI_20260107143344_0009,4,vegetation_tree,86417,1,0.001157,-1.138831,9.899164,10.420074,0,0,physical surface-cover class only; shadow state is separate
20260107_Thermal_HKUST/DCIM/DJI_202601071424_001::DJI_20260107143344_0009,DJI_20260107143344_0009,5,grass_low_vegetation,2831,0,0.0,6.087549,8.652521,8.79153,0,0,physical surface-cover class only; shadow state is separate
20260107_Thermal_HKUST/DCIM/DJI_202601071424_001::DJI_20260107143344_0009,DJI_20260107143344_0009,6,bare_soil,0,0,0.0,,,,0,0,physical surface-cover class only; shadow state is separate
20260107_Thermal_HKUST/DCIM/DJI_202601071424_001::DJI_20260107143344_0009,DJI_20260107143344_0009,7,water,0,0,0.0,,,,0,0,physical surface-cover class only; shadow state is separate
20260107_Thermal_HKUST/DCIM/DJI_202601071424_001::DJI_20260107143344_0009,DJI_20260107143344_0009,8,vehicle_temporary_object,0,0,0.0,,,,0,0,physical surface-cover class only; shadow state is separate
20260107_Thermal_HKUST/DCIM/DJI_202601071424_001::DJI_20260107143344_0009,DJI_20260107143344_0009,9,unclear_ignore,0,0,0.0,,,,0,0,physical surface-cover class only; shadow state is separate
20260107_Thermal_HKUST/DCIM/DJI_202601071424_001::DJI_20260107143401_0011,DJI_20260107143401_0011,0,no_data_unreviewed,0,0,0.0,,,,0,0,physical surface-cover class only; shadow state is separate
20260107_Thermal_HKUST/DCIM/DJI_202601071424_001::DJI_20260107143401_0011,DJI_20260107143401_0011,1,roof,161158,3715,2.305191,-31.229254,15.552149,14.888727,2710,1969,physical surface-cover class only; shadow state is separate
20260107_Thermal_HKUST/DCIM/DJI_202601071424_001::DJI_20260107143401_0011,DJI_20260107143401_0011,2,concrete_pavement,94360,1594,1.689275,-29.376333,12.099543,12.81751,1304,984,physical surface-cover class only; shadow state is separate
20260107_Thermal_HKUST/DCIM/DJI_202601071424_001::DJI_20260107143401_0011,DJI_20260107143401_0011,3,asphalt_road,0,0,0.0,,,,0,0,physical surface-cover class only; shadow state is separate
20260107_Thermal_HKUST/DCIM/DJI_202601071424_001::DJI_20260107143401_0011,DJI_20260107143401_0011,4,vegetation_tree,71131,0,0.0,5.138116,9.752619,10.01816,0,0,physical surface-cover class only; shadow state is separate
20260107_Thermal_HKUST/DCIM/DJI_202601071424_001::DJI_20260107143401_0011,DJI_20260107143401_0011,5,grass_low_vegetation,1031,0,0.0,9.092005,14.00976,14.347118,0,0,physical surface-cover class only; shadow state is separate
20260107_Thermal_HKUST/DCIM/DJI_202601071424_001::DJI_20260107143401_0011,DJI_20260107143401_0011,6,bare_soil,0,0,0.0,,,,0,0,physical surface-cover class only; shadow state is separate
20260107_Thermal_HKUST/DCIM/DJI_202601071424_001::DJI_20260107143401_0011,DJI_20260107143401_0011,7,water,0,0,0.0,,,,0,0,physical surface-cover class only; shadow state is separate
20260107_Thermal_HKUST/DCIM/DJI_202601071424_001::DJI_20260107143401_0011,DJI_20260107143401_0011,8,vehicle_temporary_object,0,0,0.0,,,,0,0,physical surface-cover class only; shadow state is separate
20260107_Thermal_HKUST/DCIM/DJI_202601071424_001::DJI_20260107143401_0011,DJI_20260107143401_0011,9,unclear_ignore,0,0,0.0,,,,0,0,physical surface-cover class only; shadow state is separate
