observation_id,analysis_variant,image_id,cell_id,physical_surface_cover_class_id,physical_surface_cover_class,exclusion_reason,class_pixel_count,class_valid_temperature_count,class_fraction_of_valid_classified_pixels
DJI_20260107143259_0005__LUHK_r02565_c04517__cover_2,all_finite,DJI_20260107143259_0005,LUHK_r02565_c04517,2,concrete_pavement,below_minimum_valid_pixels_and_class_fraction,4,4,0.0064
DJI_20260107143259_0005__LUHK_r02566_c04517__cover_4,all_finite,DJI_20260107143259_0005,LUHK_r02566_c04517,4,vegetation_tree,below_minimum_valid_pixels_and_class_fraction,1,1,0.001667
DJI_20260107143259_0005__LUHK_r02567_c04508__cover_2,all_finite,DJI_20260107143259_0005,LUHK_r02567_c04508,2,concrete_pavement,below_minimum_valid_pixels_and_class_fraction,5,5,0.008
DJI_20260107143259_0005__LUHK_r02567_c04511__cover_4,all_finite,DJI_20260107143259_0005,LUHK_r02567_c04511,4,vegetation_tree,below_minimum_valid_pixels_and_class_fraction,1,1,0.0016
DJI_20260107143259_0005__LUHK_r02567_c04519__cover_1,all_finite,DJI_20260107143259_0005,LUHK_r02567_c04519,1,roof,below_minimum_valid_pixels_and_class_fraction,4,4,0.0064
DJI_20260107143259_0005__LUHK_r02570_c04518__cover_5,all_finite,DJI_20260107143259_0005,LUHK_r02570_c04518,5,grass_low_vegetation,below_minimum_valid_pixels_and_class_fraction,3,3,0.005
DJI_20260107143259_0005__LUHK_r02570_c04520__cover_1,all_finite,DJI_20260107143259_0005,LUHK_r02570_c04520,1,roof,below_minimum_valid_pixels_and_class_fraction,1,1,0.0016
DJI_20260107143259_0005__LUHK_r02570_c04526__cover_1,all_finite,DJI_20260107143259_0005,LUHK_r02570_c04526,1,roof,below_minimum_valid_pixels_and_class_fraction,6,6,0.0096
DJI_20260107143259_0005__LUHK_r02571_c04528__cover_4,all_finite,DJI_20260107143259_0005,LUHK_r02571_c04528,4,vegetation_tree,below_minimum_valid_pixels_and_class_fraction,5,5,0.008
DJI_20260107143259_0005__LUHK_r02575_c04516__cover_2,all_finite,DJI_20260107143259_0005,LUHK_r02575_c04516,2,concrete_pavement,below_minimum_valid_pixels_and_class_fraction,2,2,0.003333
DJI_20260107143259_0005__LUHK_r02576_c04515__cover_4,all_finite,DJI_20260107143259_0005,LUHK_r02576_c04515,4,vegetation_tree,below_minimum_valid_pixels_and_class_fraction,2,2,0.009259
DJI_20260107143259_0005__LUHK_r02576_c04516__cover_2,all_finite,DJI_20260107143259_0005,LUHK_r02576_c04516,2,concrete_pavement,below_minimum_valid_pixels_and_class_fraction,1,1,0.004444
DJI_20260107143320_0007__LUHK_r02570_c04513__cover_4,all_finite,DJI_20260107143320_0007,LUHK_r02570_c04513,4,vegetation_tree,below_minimum_valid_pixels_and_class_fraction,4,4,0.009412
DJI_20260107143320_0007__LUHK_r02572_c04512__cover_2,all_finite,DJI_20260107143320_0007,LUHK_r02572_c04512,2,concrete_pavement,below_minimum_valid_pixels_and_class_fraction,2,2,0.003472
DJI_20260107143320_0007__LUHK_r02572_c04519__cover_6,all_finite,DJI_20260107143320_0007,LUHK_r02572_c04519,6,bare_soil,below_minimum_valid_pixels_and_class_fraction,1,1,0.001667
DJI_20260107143320_0007__LUHK_r02572_c04521__cover_5,all_finite,DJI_20260107143320_0007,LUHK_r02572_c04521,5,grass_low_vegetation,below_minimum_valid_pixels_and_class_fraction,3,3,0.005
DJI_20260107143320_0007__LUHK_r02575_c04522__cover_6,all_finite,DJI_20260107143320_0007,LUHK_r02575_c04522,6,bare_soil,below_minimum_valid_pixels_and_class_fraction,1,1,0.001736
DJI_20260107143320_0007__LUHK_r02575_c04528__cover_1,all_finite,DJI_20260107143320_0007,LUHK_r02575_c04528,1,roof,below_minimum_valid_pixels_and_class_fraction,1,1,0.001736
DJI_20260107143320_0007__LUHK_r02576_c04521__cover_6,all_finite,DJI_20260107143320_0007,LUHK_r02576_c04521,6,bare_soil,below_minimum_valid_pixels_and_class_fraction,5,5,0.008
DJI_20260107143320_0007__LUHK_r02578_c04504__cover_5,all_finite,DJI_20260107143320_0007,LUHK_r02578_c04504,5,grass_low_vegetation,below_minimum_valid_pixels_and_class_fraction,1,1,0.002
DJI_20260107143320_0007__LUHK_r02578_c04505__cover_2,all_finite,DJI_20260107143320_0007,LUHK_r02578_c04505,2,concrete_pavement,below_minimum_valid_pixels_and_class_fraction,2,2,0.0032
DJI_20260107143320_0007__LUHK_r02578_c04526__cover_5,all_finite,DJI_20260107143320_0007,LUHK_r02578_c04526,5,grass_low_vegetation,below_minimum_valid_pixels_and_class_fraction,3,3,0.0048
DJI_20260107143320_0007__LUHK_r02579_c04504__cover_5,all_finite,DJI_20260107143320_0007,LUHK_r02579_c04504,5,grass_low_vegetation,below_minimum_valid_pixels_and_class_fraction,2,2,0.004
DJI_20260107143320_0007__LUHK_r02579_c04522__cover_6,all_finite,DJI_20260107143320_0007,LUHK_r02579_c04522,6,bare_soil,below_minimum_valid_pixels_and_class_fraction,3,3,0.005
DJI_20260107143320_0007__LUHK_r02581_c04514__cover_4,all_finite,DJI_20260107143320_0007,LUHK_r02581_c04514,4,vegetation_tree,below_minimum_valid_pixels_and_class_fraction,2,2,0.0032
DJI_20260107143320_0007__LUHK_r02583_c04506__cover_2,all_finite,DJI_20260107143320_0007,LUHK_r02583_c04506,2,concrete_pavement,below_minimum_valid_pixels_and_class_fraction,1,1,0.001667
DJI_20260107143320_0007__LUHK_r02584_c04522__cover_4,all_finite,DJI_20260107143320_0007,LUHK_r02584_c04522,4,vegetation_tree,below_minimum_valid_pixels_and_class_fraction,2,2,0.003333
DJI_20260107143320_0007__LUHK_r02585_c04514__cover_2,all_finite,DJI_20260107143320_0007,LUHK_r02585_c04514,2,concrete_pavement,below_minimum_valid_pixels_and_class_fraction,1,1,0.001667
DJI_20260107143320_0007__LUHK_r02585_c04521__cover_1,all_finite,DJI_20260107143320_0007,LUHK_r02585_c04521,1,roof,below_minimum_valid_pixels_and_class_fraction,5,5,0.008333
DJI_20260107143320_0007__LUHK_r02586_c04516__cover_2,all_finite,DJI_20260107143320_0007,LUHK_r02586_c04516,2,concrete_pavement,below_minimum_valid_pixels_and_class_fraction,1,1,0.0016
DJI_20260107143320_0007__LUHK_r02587_c04508__cover_2,all_finite,DJI_20260107143320_0007,LUHK_r02587_c04508,2,concrete_pavement,below_minimum_valid_pixels_and_class_fraction,3,3,0.0048
DJI_20260107143320_0007__LUHK_r02587_c04523__cover_2,all_finite,DJI_20260107143320_0007,LUHK_r02587_c04523,2,concrete_pavement,below_minimum_valid_pixels_and_class_fraction,5,5,0.008
DJI_20260107143320_0007__LUHK_r02589_c04510__cover_4,all_finite,DJI_20260107143320_0007,LUHK_r02589_c04510,4,vegetation_tree,below_minimum_valid_pixels_and_class_fraction,3,3,0.0048
DJI_20260107143320_0007__LUHK_r02589_c04511__cover_1,all_finite,DJI_20260107143320_0007,LUHK_r02589_c04511,1,roof,below_minimum_valid_pixels_and_class_fraction,2,2,0.0032
DJI_20260107143328_0008__LUHK_r02575_c04518__cover_1,all_finite,DJI_20260107143328_0008,LUHK_r02575_c04518,1,roof,below_minimum_valid_pixels_and_class_fraction,1,1,0.001667
DJI_20260107143328_0008__LUHK_r02575_c04525__cover_4,all_finite,DJI_20260107143328_0008,LUHK_r02575_c04525,4,vegetation_tree,below_minimum_valid_pixels_and_class_fraction,3,3,0.0048
DJI_20260107143328_0008__LUHK_r02577_c04511__cover_2,all_finite,DJI_20260107143328_0008,LUHK_r02577_c04511,2,concrete_pavement,below_minimum_valid_pixels_and_class_fraction,5,5,0.008
DJI_20260107143328_0008__LUHK_r02579_c04523__cover_4,all_finite,DJI_20260107143328_0008,LUHK_r02579_c04523,4,vegetation_tree,below_minimum_valid_pixels_and_class_fraction,5,5,0.008681
DJI_20260107143328_0008__LUHK_r02579_c04527__cover_1,all_finite,DJI_20260107143328_0008,LUHK_r02579_c04527,1,roof,below_minimum_valid_pixels_and_class_fraction,2,2,0.003333
DJI_20260107143328_0008__LUHK_r02580_c04513__cover_1,all_finite,DJI_20260107143328_0008,LUHK_r02580_c04513,1,roof,below_minimum_valid_pixels_and_class_fraction,3,3,0.005
DJI_20260107143328_0008__LUHK_r02582_c04522__cover_1,all_finite,DJI_20260107143328_0008,LUHK_r02582_c04522,1,roof,below_minimum_valid_pixels_and_class_fraction,3,3,0.0048
DJI_20260107143328_0008__LUHK_r02582_c04527__cover_1,all_finite,DJI_20260107143328_0008,LUHK_r02582_c04527,1,roof,below_minimum_valid_pixels_and_class_fraction,2,2,0.0032
DJI_20260107143328_0008__LUHK_r02583_c04522__cover_4,all_finite,DJI_20260107143328_0008,LUHK_r02583_c04522,4,vegetation_tree,below_minimum_valid_pixels_and_class_fraction,6,6,0.0096
DJI_20260107143328_0008__LUHK_r02583_c04527__cover_1,all_finite,DJI_20260107143328_0008,LUHK_r02583_c04527,1,roof,below_minimum_valid_pixels_and_class_fraction,5,5,0.008
DJI_20260107143328_0008__LUHK_r02584_c04522__cover_4,all_finite,DJI_20260107143328_0008,LUHK_r02584_c04522,4,vegetation_tree,below_minimum_valid_pixels_and_class_fraction,2,2,0.003333
DJI_20260107143328_0008__LUHK_r02585_c04506__cover_4,all_finite,DJI_20260107143328_0008,LUHK_r02585_c04506,4,vegetation_tree,below_minimum_valid_pixels_and_class_fraction,6,6,0.0096
DJI_20260107143328_0008__LUHK_r02585_c04511__cover_4,all_finite,DJI_20260107143328_0008,LUHK_r02585_c04511,4,vegetation_tree,below_minimum_valid_pixels_and_class_fraction,5,5,0.008
DJI_20260107143328_0008__LUHK_r02586_c04512__cover_4,all_finite,DJI_20260107143328_0008,LUHK_r02586_c04512,4,vegetation_tree,below_minimum_valid_pixels_and_class_fraction,3,3,0.005
DJI_20260107143328_0008__LUHK_r02589_c04514__cover_2,all_finite,DJI_20260107143328_0008,LUHK_r02589_c04514,2,concrete_pavement,below_minimum_valid_pixels_and_class_fraction,1,1,0.001667
DJI_20260107143328_0008__LUHK_r02590_c04528__cover_1,all_finite,DJI_20260107143328_0008,LUHK_r02590_c04528,1,roof,below_minimum_valid_pixels_and_class_fraction,1,1,0.001667
DJI_20260107143328_0008__LUHK_r02592_c04514__cover_4,all_finite,DJI_20260107143328_0008,LUHK_r02592_c04514,4,vegetation_tree,below_minimum_valid_pixels_and_class_fraction,1,1,0.0016
DJI_20260107143344_0009__LUHK_r02583_c04523__cover_2,all_finite,DJI_20260107143344_0009,LUHK_r02583_c04523,2,concrete_pavement,below_minimum_valid_pixels_and_class_fraction,2,2,0.003333
DJI_20260107143344_0009__LUHK_r02585_c04505__cover_2,all_finite,DJI_20260107143344_0009,LUHK_r02585_c04505,2,concrete_pavement,below_minimum_valid_pixels_and_class_fraction,4,4,0.006944
DJI_20260107143344_0009__LUHK_r02585_c04516__cover_2,all_finite,DJI_20260107143344_0009,LUHK_r02585_c04516,2,concrete_pavement,below_minimum_valid_pixels_and_class_fraction,2,2,0.003333
DJI_20260107143344_0009__LUHK_r02586_c04505__cover_2,all_finite,DJI_20260107143344_0009,LUHK_r02586_c04505,2,concrete_pavement,below_minimum_valid_pixels_and_class_fraction,4,4,0.006667
DJI_20260107143344_0009__LUHK_r02587_c04511__cover_1,all_finite,DJI_20260107143344_0009,LUHK_r02587_c04511,1,roof,below_minimum_valid_pixels_and_class_fraction,1,1,0.001667
DJI_20260107143344_0009__LUHK_r02587_c04511__cover_4,all_finite,DJI_20260107143344_0009,LUHK_r02587_c04511,4,vegetation_tree,below_minimum_valid_pixels_and_class_fraction,1,1,0.001667
DJI_20260107143344_0009__LUHK_r02588_c04513__cover_4,all_finite,DJI_20260107143344_0009,LUHK_r02588_c04513,4,vegetation_tree,below_minimum_valid_pixels_and_class_fraction,3,3,0.0048
DJI_20260107143344_0009__LUHK_r02588_c04518__cover_2,all_finite,DJI_20260107143344_0009,LUHK_r02588_c04518,2,concrete_pavement,below_minimum_valid_pixels_and_class_fraction,1,1,0.0016
DJI_20260107143344_0009__LUHK_r02589_c04506__cover_2,all_finite,DJI_20260107143344_0009,LUHK_r02589_c04506,2,concrete_pavement,below_minimum_valid_pixels_and_class_fraction,3,3,0.0048
DJI_20260107143344_0009__LUHK_r02589_c04512__cover_2,all_finite,DJI_20260107143344_0009,LUHK_r02589_c04512,2,concrete_pavement,below_minimum_valid_pixels_and_class_fraction,5,5,0.008333
DJI_20260107143344_0009__LUHK_r02589_c04514__cover_4,all_finite,DJI_20260107143344_0009,LUHK_r02589_c04514,4,vegetation_tree,below_minimum_valid_pixels_and_class_fraction,6,6,0.0096
DJI_20260107143344_0009__LUHK_r02592_c04519__cover_2,all_finite,DJI_20260107143344_0009,LUHK_r02592_c04519,2,concrete_pavement,below_minimum_valid_pixels_and_class_fraction,4,4,0.006667
DJI_20260107143344_0009__LUHK_r02593_c04512__cover_4,all_finite,DJI_20260107143344_0009,LUHK_r02593_c04512,4,vegetation_tree,below_minimum_valid_pixels_and_class_fraction,1,1,0.001667
DJI_20260107143344_0009__LUHK_r02593_c04519__cover_2,all_finite,DJI_20260107143344_0009,LUHK_r02593_c04519,2,concrete_pavement,below_minimum_valid_pixels_and_class_fraction,2,2,0.0032
DJI_20260107143344_0009__LUHK_r02593_c04525__cover_2,all_finite,DJI_20260107143344_0009,LUHK_r02593_c04525,2,concrete_pavement,below_minimum_valid_pixels_and_class_fraction,3,3,0.0048
DJI_20260107143344_0009__LUHK_r02594_c04511__cover_4,all_finite,DJI_20260107143344_0009,LUHK_r02594_c04511,4,vegetation_tree,below_minimum_valid_pixels_and_class_fraction,4,4,0.0064
DJI_20260107143344_0009__LUHK_r02595_c04515__cover_4,all_finite,DJI_20260107143344_0009,LUHK_r02595_c04515,4,vegetation_tree,below_minimum_valid_pixels_and_class_fraction,5,5,0.008681
DJI_20260107143344_0009__LUHK_r02595_c04518__cover_1,all_finite,DJI_20260107143344_0009,LUHK_r02595_c04518,1,roof,below_minimum_valid_pixels_and_class_fraction,2,2,0.003333
DJI_20260107143344_0009__LUHK_r02596_c04509__cover_2,all_finite,DJI_20260107143344_0009,LUHK_r02596_c04509,2,concrete_pavement,below_minimum_valid_pixels_and_class_fraction,6,6,0.0096
DJI_20260107143344_0009__LUHK_r02596_c04511__cover_1,all_finite,DJI_20260107143344_0009,LUHK_r02596_c04511,1,roof,below_minimum_valid_pixels_and_class_fraction,5,5,0.008
DJI_20260107143344_0009__LUHK_r02597_c04511__cover_4,all_finite,DJI_20260107143344_0009,LUHK_r02597_c04511,4,vegetation_tree,below_minimum_valid_pixels_and_class_fraction,5,5,0.008333
DJI_20260107143344_0009__LUHK_r02598_c04509__cover_2,all_finite,DJI_20260107143344_0009,LUHK_r02598_c04509,2,concrete_pavement,below_minimum_valid_pixels_and_class_fraction,3,3,0.0048
DJI_20260107143344_0009__LUHK_r02599_c04513__cover_4,all_finite,DJI_20260107143344_0009,LUHK_r02599_c04513,4,vegetation_tree,below_minimum_valid_pixels_and_class_fraction,5,5,0.008333
DJI_20260107143344_0009__LUHK_r02599_c04516__cover_2,all_finite,DJI_20260107143344_0009,LUHK_r02599_c04516,2,concrete_pavement,below_minimum_valid_pixels_and_class_fraction,4,4,0.006667
DJI_20260107143401_0011__LUHK_r02597_c04510__cover_4,all_finite,DJI_20260107143401_0011,LUHK_r02597_c04510,4,vegetation_tree,below_minimum_valid_pixels_and_class_fraction,2,2,0.003333
DJI_20260107143401_0011__LUHK_r02597_c04514__cover_4,all_finite,DJI_20260107143401_0011,LUHK_r02597_c04514,4,vegetation_tree,below_minimum_valid_pixels_and_class_fraction,3,3,0.0048
DJI_20260107143401_0011__LUHK_r02597_c04515__cover_1,all_finite,DJI_20260107143401_0011,LUHK_r02597_c04515,1,roof,below_minimum_valid_pixels_and_class_fraction,4,4,0.006667
DJI_20260107143401_0011__LUHK_r02598_c04512__cover_4,all_finite,DJI_20260107143401_0011,LUHK_r02598_c04512,4,vegetation_tree,below_minimum_valid_pixels_and_class_fraction,2,2,0.003333
DJI_20260107143401_0011__LUHK_r02600_c04510__cover_1,all_finite,DJI_20260107143401_0011,LUHK_r02600_c04510,1,roof,below_minimum_valid_pixels_and_class_fraction,4,4,0.006944
DJI_20260107143401_0011__LUHK_r02601_c04522__cover_2,all_finite,DJI_20260107143401_0011,LUHK_r02601_c04522,2,concrete_pavement,below_minimum_valid_pixels_and_class_fraction,1,1,0.001667
DJI_20260107143401_0011__LUHK_r02602_c04511__cover_2,all_finite,DJI_20260107143401_0011,LUHK_r02602_c04511,2,concrete_pavement,below_minimum_valid_pixels_and_class_fraction,3,3,0.0048
DJI_20260107143401_0011__LUHK_r02602_c04523__cover_1,all_finite,DJI_20260107143401_0011,LUHK_r02602_c04523,1,roof,below_minimum_valid_pixels_and_class_fraction,2,2,0.0032
DJI_20260107143401_0011__LUHK_r02602_c04525__cover_1,all_finite,DJI_20260107143401_0011,LUHK_r02602_c04525,1,roof,below_minimum_valid_pixels_and_class_fraction,5,5,0.008
DJI_20260107143401_0011__LUHK_r02604_c04509__cover_4,all_finite,DJI_20260107143401_0011,LUHK_r02604_c04509,4,vegetation_tree,below_minimum_valid_pixels_and_class_fraction,2,2,0.0032
DJI_20260107143401_0011__LUHK_r02604_c04521__cover_1,all_finite,DJI_20260107143401_0011,LUHK_r02604_c04521,1,roof,below_minimum_valid_pixels_and_class_fraction,6,6,0.0096
DJI_20260107143401_0011__LUHK_r02604_c04527__cover_2,all_finite,DJI_20260107143401_0011,LUHK_r02604_c04527,2,concrete_pavement,below_minimum_valid_pixels_and_class_fraction,3,3,0.005
DJI_20260107143401_0011__LUHK_r02606_c04511__cover_2,all_finite,DJI_20260107143401_0011,LUHK_r02606_c04511,2,concrete_pavement,below_minimum_valid_pixels_and_class_fraction,5,5,0.008
DJI_20260107143401_0011__LUHK_r02606_c04528__cover_4,all_finite,DJI_20260107143401_0011,LUHK_r02606_c04528,4,vegetation_tree,below_minimum_valid_pixels_and_class_fraction,3,3,0.0048
DJI_20260107143401_0011__LUHK_r02607_c04512__cover_1,all_finite,DJI_20260107143401_0011,LUHK_r02607_c04512,1,roof,below_minimum_valid_pixels_and_class_fraction,4,4,0.006667
DJI_20260107143401_0011__LUHK_r02607_c04522__cover_2,all_finite,DJI_20260107143401_0011,LUHK_r02607_c04522,2,concrete_pavement,below_minimum_valid_pixels_and_class_fraction,5,5,0.008681
DJI_20260107143401_0011__LUHK_r02607_c04527__cover_1,all_finite,DJI_20260107143401_0011,LUHK_r02607_c04527,1,roof,below_minimum_valid_pixels_and_class_fraction,5,5,0.008681
DJI_20260107143401_0011__LUHK_r02608_c04504__cover_1,all_finite,DJI_20260107143401_0011,LUHK_r02608_c04504,1,roof,below_minimum_valid_pixels_and_class_fraction,6,6,0.0096
DJI_20260107143401_0011__LUHK_r02609_c04506__cover_1,all_finite,DJI_20260107143401_0011,LUHK_r02609_c04506,1,roof,below_minimum_valid_pixels_and_class_fraction,4,4,0.006667
DJI_20260107143401_0011__LUHK_r02609_c04526__cover_2,all_finite,DJI_20260107143401_0011,LUHK_r02609_c04526,2,concrete_pavement,below_minimum_valid_pixels_and_class_fraction,2,2,0.0032
DJI_20260107143401_0011__LUHK_r02610_c04511__cover_2,all_finite,DJI_20260107143401_0011,LUHK_r02610_c04511,2,concrete_pavement,below_minimum_valid_pixels_and_class_fraction,2,2,0.003333
DJI_20260107143401_0011__LUHK_r02613_c04523__cover_1,all_finite,DJI_20260107143401_0011,LUHK_r02613_c04523,1,roof,below_minimum_valid_pixels_and_class_fraction,5,5,0.008
DJI_20260107143401_0011__LUHK_r02613_c04526__cover_4,all_finite,DJI_20260107143401_0011,LUHK_r02613_c04526,4,vegetation_tree,below_minimum_valid_pixels_and_class_fraction,4,4,0.0064
DJI_20260107143401_0011__LUHK_r02614_c04520__cover_2,all_finite,DJI_20260107143401_0011,LUHK_r02614_c04520,2,concrete_pavement,below_minimum_valid_pixels_and_class_fraction,2,2,0.004386
