luhk_aggregated_class,physical_surface_cover_class,observation_count,numeric_observation_count,image_count,unique_cell_count,mean_delta_t_c,median_delta_t_c,std_delta_t_c,min_delta_t_c,max_delta_t_c,q1_delta_t_c,q3_delta_t_c,iqr_delta_t_c,p05_delta_t_c,p95_delta_t_c,standard_error_delta_t_c,qa_warning_count,provisional_result_note
GIC / open space,bare_soil,35,35,2,34,8.574476,10.042195,5.424585,-1.906529,16.347248,5.887213,12.016003,6.12879,-1.132068,15.291776,0.916922,35,This is a provisional pilot delta-T analysis using temperature matrices that have completed structural extraction QA but have not yet completed full radiometric parameter validation.
GIC / open space,concrete_pavement,1022,1022,5,710,3.788418,2.792128,4.528464,-14.102889,20.208583,0.501336,6.368868,5.867532,-1.774986,12.780128,0.141653,1022,This is a provisional pilot delta-T analysis using temperature matrices that have completed structural extraction QA but have not yet completed full radiometric parameter validation.
GIC / open space,grass_low_vegetation,126,126,5,78,7.3165,8.563096,4.132043,-2.586957,15.248728,4.979128,10.065042,5.085914,-0.845453,12.886902,0.368112,126,This is a provisional pilot delta-T analysis using temperature matrices that have completed structural extraction QA but have not yet completed full radiometric parameter validation.
GIC / open space,roof,1339,1339,5,791,4.137023,4.197288,5.039799,-18.731816,21.466072,0.052964,7.944016,7.891052,-3.547667,11.980471,0.137728,1339,This is a provisional pilot delta-T analysis using temperature matrices that have completed structural extraction QA but have not yet completed full radiometric parameter validation.
GIC / open space,vegetation_tree,1405,1405,5,829,0.573377,0.170534,2.239811,-4.258488,12.871148,-0.914096,1.595185,2.509281,-2.111352,4.657813,0.059755,1405,This is a provisional pilot delta-T analysis using temperature matrices that have completed structural extraction QA but have not yet completed full radiometric parameter validation.
Other urban / built-up land,vegetation_tree,1,1,1,1,1.889608,1.889608,0.0,1.889608,1.889608,1.889608,1.889608,0.0,1.889608,1.889608,,1,This is a provisional pilot delta-T analysis using temperature matrices that have completed structural extraction QA but have not yet completed full radiometric parameter validation.
Woodland / shrubland / grassland / wetland,concrete_pavement,1,1,1,1,12.530333,12.530333,0.0,12.530333,12.530333,12.530333,12.530333,0.0,12.530333,12.530333,,1,This is a provisional pilot delta-T analysis using temperature matrices that have completed structural extraction QA but have not yet completed full radiometric parameter validation.
Woodland / shrubland / grassland / wetland,roof,4,4,2,4,2.048611,1.248984,3.574515,-0.949375,6.645853,-0.696705,3.9943,4.691005,-0.898841,6.115542,1.787257,4,This is a provisional pilot delta-T analysis using temperature matrices that have completed structural extraction QA but have not yet completed full radiometric parameter validation.
Woodland / shrubland / grassland / wetland,vegetation_tree,227,227,4,208,-0.382101,-0.374233,1.169624,-2.667797,3.452874,-1.379422,0.417644,1.797066,-2.040632,1.367809,0.077631,227,This is a provisional pilot delta-T analysis using temperature matrices that have completed structural extraction QA but have not yet completed full radiometric parameter validation.
