image_id,physical_surface_cover_class,observation_count,numeric_observation_count,image_count,unique_cell_count,mean_delta_t_c,median_delta_t_c,std_delta_t_c,min_delta_t_c,max_delta_t_c,q1_delta_t_c,q3_delta_t_c,iqr_delta_t_c,p05_delta_t_c,p95_delta_t_c,standard_error_delta_t_c,qa_warning_count,provisional_result_note
DJI_20260107143259_0005,concrete_pavement,80,80,1,80,6.551022,5.52836,4.893438,-1.277061,16.167591,2.289103,10.457283,8.16818,0.168685,14.256098,0.547103,80,This is a provisional pilot delta-T analysis using temperature matrices that have completed structural extraction QA but have not yet completed full radiometric parameter validation.
DJI_20260107143259_0005,grass_low_vegetation,38,38,1,38,9.16987,9.349172,3.097703,-0.425209,14.125422,8.225224,11.035782,2.810558,2.859126,13.619891,0.502514,38,This is a provisional pilot delta-T analysis using temperature matrices that have completed structural extraction QA but have not yet completed full radiometric parameter validation.
DJI_20260107143259_0005,roof,100,100,1,100,2.214917,1.578025,3.84947,-3.639902,11.474674,-0.697985,5.268312,5.966297,-3.30792,9.17835,0.384947,100,This is a provisional pilot delta-T analysis using temperature matrices that have completed structural extraction QA but have not yet completed full radiometric parameter validation.
DJI_20260107143259_0005,vegetation_tree,536,536,1,536,-0.364971,-0.549436,1.68613,-4.258488,8.855402,-1.573158,0.504646,2.077804,-2.671668,2.730797,0.07283,536,This is a provisional pilot delta-T analysis using temperature matrices that have completed structural extraction QA but have not yet completed full radiometric parameter validation.
DJI_20260107143320_0007,bare_soil,27,27,1,27,8.564248,10.889967,6.176357,-1.906529,16.347248,2.190017,12.946841,10.756823,-1.323906,15.839895,1.18864,27,This is a provisional pilot delta-T analysis using temperature matrices that have completed structural extraction QA but have not yet completed full radiometric parameter validation.
DJI_20260107143320_0007,concrete_pavement,228,228,1,228,3.856667,2.495439,4.350787,-3.676247,16.771496,0.583196,6.271922,5.688726,-1.40213,13.048166,0.288138,228,This is a provisional pilot delta-T analysis using temperature matrices that have completed structural extraction QA but have not yet completed full radiometric parameter validation.
DJI_20260107143320_0007,grass_low_vegetation,48,48,1,48,8.051138,8.889665,3.326345,1.132684,15.248728,5.773776,10.137892,4.364116,2.615842,12.918568,0.480117,48,This is a provisional pilot delta-T analysis using temperature matrices that have completed structural extraction QA but have not yet completed full radiometric parameter validation.
DJI_20260107143320_0007,roof,234,234,1,234,3.905488,3.912796,5.599388,-5.351643,17.204003,-1.119619,8.140838,9.260457,-3.713854,13.859538,0.366043,234,This is a provisional pilot delta-T analysis using temperature matrices that have completed structural extraction QA but have not yet completed full radiometric parameter validation.
DJI_20260107143320_0007,vegetation_tree,366,366,1,366,1.342028,0.927566,2.401789,-3.631613,12.871148,-0.198441,2.081017,2.279459,-1.26729,5.999427,0.125544,366,This is a provisional pilot delta-T analysis using temperature matrices that have completed structural extraction QA but have not yet completed full radiometric parameter validation.
DJI_20260107143328_0008,bare_soil,8,8,1,8,8.608994,8.845709,1.111231,6.924615,10.308611,7.767676,9.295184,1.527508,7.120819,9.959114,0.392879,8,This is a provisional pilot delta-T analysis using temperature matrices that have completed structural extraction QA but have not yet completed full radiometric parameter validation.
DJI_20260107143328_0008,concrete_pavement,180,180,1,180,3.479648,2.716886,4.51815,-3.627496,14.45898,0.032909,6.701384,6.668475,-2.473136,11.702194,0.336763,180,This is a provisional pilot delta-T analysis using temperature matrices that have completed structural extraction QA but have not yet completed full radiometric parameter validation.
DJI_20260107143328_0008,grass_low_vegetation,23,23,1,23,7.874175,8.839285,2.773496,0.697157,11.155576,6.415793,9.683523,3.26773,1.89895,10.934436,0.578314,23,This is a provisional pilot delta-T analysis using temperature matrices that have completed structural extraction QA but have not yet completed full radiometric parameter validation.
DJI_20260107143328_0008,roof,257,257,1,257,3.806512,4.386471,5.323101,-5.64181,16.275211,-1.077169,7.78117,8.858339,-4.139746,11.97832,0.332046,257,This is a provisional pilot delta-T analysis using temperature matrices that have completed structural extraction QA but have not yet completed full radiometric parameter validation.
DJI_20260107143328_0008,vegetation_tree,332,332,1,332,0.516869,0.137348,2.176758,-3.517542,11.272739,-1.158058,1.598743,2.756801,-2.050189,4.467979,0.119465,332,This is a provisional pilot delta-T analysis using temperature matrices that have completed structural extraction QA but have not yet completed full radiometric parameter validation.
DJI_20260107143344_0009,concrete_pavement,247,247,1,247,4.258262,2.579696,5.026427,-2.636349,20.208583,0.60694,6.842759,6.235819,-1.40886,14.231237,0.319824,247,This is a provisional pilot delta-T analysis using temperature matrices that have completed structural extraction QA but have not yet completed full radiometric parameter validation.
DJI_20260107143344_0009,grass_low_vegetation,12,12,1,12,-0.925747,-0.975009,0.913065,-2.586957,0.602156,-1.503638,-0.332164,1.171474,-2.175969,0.397034,0.263579,12,This is a provisional pilot delta-T analysis using temperature matrices that have completed structural extraction QA but have not yet completed full radiometric parameter validation.
DJI_20260107143344_0009,roof,363,363,1,363,4.043643,4.070083,4.670552,-4.96734,16.491531,0.012806,7.628624,7.615818,-2.919572,11.603722,0.24514,363,This is a provisional pilot delta-T analysis using temperature matrices that have completed structural extraction QA but have not yet completed full radiometric parameter validation.
DJI_20260107143344_0009,vegetation_tree,217,217,1,217,0.828893,0.297684,2.189979,-1.967695,10.687845,-0.728432,1.717885,2.446317,-1.496583,4.750576,0.148665,217,This is a provisional pilot delta-T analysis using temperature matrices that have completed structural extraction QA but have not yet completed full radiometric parameter validation.
DJI_20260107143401_0011,concrete_pavement,288,288,1,288,2.787377,2.518857,3.725907,-14.102889,11.686826,0.283739,5.456007,5.172269,-1.926335,8.996305,0.219551,288,This is a provisional pilot delta-T analysis using temperature matrices that have completed structural extraction QA but have not yet completed full radiometric parameter validation.
DJI_20260107143401_0011,grass_low_vegetation,5,5,1,5,3.394447,2.65689,2.501413,0.828903,7.137189,1.796674,4.55258,2.755906,1.022457,6.620267,1.118666,5,This is a provisional pilot delta-T analysis using temperature matrices that have completed structural extraction QA but have not yet completed full radiometric parameter validation.
DJI_20260107143401_0011,roof,389,389,1,389,5.05444,5.325046,4.916024,-18.731816,21.466072,1.619512,8.54739,6.927878,-2.559509,11.905246,0.249252,389,This is a provisional pilot delta-T analysis using temperature matrices that have completed structural extraction QA but have not yet completed full radiometric parameter validation.
DJI_20260107143401_0011,vegetation_tree,182,182,1,182,0.405048,0.032695,1.854108,-2.360063,9.331676,-0.754786,0.949451,1.704237,-1.631881,4.303926,0.137436,182,This is a provisional pilot delta-T analysis using temperature matrices that have completed structural extraction QA but have not yet completed full radiometric parameter validation.
