analysis_family,group_a,group_b,n_full_a,n_full_b,n_sampled_a,n_sampled_b,n_images_a,n_images_b,effect_size_name,effect_size,mean_difference_a_minus_b,median_difference_a_minus_b,interpretation_status,skipped_reason
luhk,31 | GIC / open space,51 | Other urban / built-up land,1523465,200,10000,4,5,1,rank_biserial_correlation,,,,skipped,At least one group has fewer than 100 sampled pixels.
luhk,31 | GIC / open space,71 | Woodland / shrubland / grassland / wetland,1523465,76074,10000,1346,5,4,rank_biserial_correlation,0.3875124814264488,3.369631951383744,1.811492919921875,exploratory_effect_size,
luhk,31 | GIC / open space,72 | Woodland / shrubland / grassland / wetland,1523465,31408,10000,613,5,1,rank_biserial_correlation,,,,skipped,At least one group occurs in fewer than 2 images.
luhk,31 | GIC / open space,73 | Woodland / shrubland / grassland / wetland,1523465,7253,10000,150,5,2,rank_biserial_correlation,0.548144,4.152490453704198,2.8327789306640625,exploratory_effect_size,
luhk,51 | Other urban / built-up land,71 | Woodland / shrubland / grassland / wetland,200,76074,4,1346,1,4,rank_biserial_correlation,,,,skipped,At least one group has fewer than 100 sampled pixels.
luhk,51 | Other urban / built-up land,72 | Woodland / shrubland / grassland / wetland,200,31408,4,613,1,1,rank_biserial_correlation,,,,skipped,At least one group has fewer than 100 sampled pixels.
luhk,51 | Other urban / built-up land,73 | Woodland / shrubland / grassland / wetland,200,7253,4,150,1,2,rank_biserial_correlation,,,,skipped,At least one group has fewer than 100 sampled pixels.
luhk,71 | Woodland / shrubland / grassland / wetland,72 | Woodland / shrubland / grassland / wetland,76074,31408,1346,613,4,1,rank_biserial_correlation,,,,skipped,At least one group occurs in fewer than 2 images.
luhk,71 | Woodland / shrubland / grassland / wetland,73 | Woodland / shrubland / grassland / wetland,76074,7253,1346,150,4,2,rank_biserial_correlation,0.3031797919762258,0.7828585023204546,1.0212860107421875,exploratory_effect_size,
luhk,72 | Woodland / shrubland / grassland / wetland,73 | Woodland / shrubland / grassland / wetland,31408,7253,613,150,1,2,rank_biserial_correlation,,,,skipped,At least one group occurs in fewer than 2 images.
surface_cover,bare_soil,concrete_pavement,10222,322856,221,6677,2,5,rank_biserial_correlation,0.4569031123929854,4.968117436012852,7.774810791015625,exploratory_effect_size,
surface_cover,bare_soil,grass_low_vegetation,10222,39392,221,770,2,5,rank_biserial_correlation,0.20176294293941344,1.2746736611337521,1.3851261138916016,exploratory_effect_size,
surface_cover,bare_soil,roof,10222,569601,221,9406,2,5,rank_biserial_correlation,0.4388577426750808,4.916892335082279,6.918054580688477,exploratory_effect_size,
surface_cover,bare_soil,vegetation_tree,10222,696329,221,10000,2,5,rank_biserial_correlation,0.7480728506787331,8.639069189901697,10.607355117797852,exploratory_effect_size,
surface_cover,concrete_pavement,grass_low_vegetation,322856,39392,6677,770,5,5,rank_biserial_correlation,-0.41069556473180857,-3.6934437748791,-6.389684677124023,exploratory_effect_size,
surface_cover,concrete_pavement,roof,322856,569601,6677,9406,5,5,rank_biserial_correlation,0.012222958518060656,-0.051225100930572864,-0.8567562103271484,exploratory_effect_size,
surface_cover,concrete_pavement,vegetation_tree,322856,696329,6677,10000,5,5,rank_biserial_correlation,0.4608045379661525,3.670951753888845,2.8325443267822266,exploratory_effect_size,
surface_cover,grass_low_vegetation,roof,39392,569601,770,9406,5,5,rank_biserial_correlation,0.3635887289406319,3.642218673948527,5.532928466796875,exploratory_effect_size,
surface_cover,grass_low_vegetation,vegetation_tree,39392,696329,770,10000,5,5,rank_biserial_correlation,0.7929446753246754,7.364395528767945,9.22222900390625,exploratory_effect_size,
surface_cover,roof,vegetation_tree,569601,696329,9406,10000,5,5,rank_biserial_correlation,0.3333029236657452,3.722176854819418,3.689300537109375,exploratory_effect_size,
luhk_surface_cover,31 | GIC / open space | bare_soil,31 | GIC / open space | concrete_pavement,10222,322791,221,6673,2,5,rank_biserial_correlation,0.4572217479367451,4.972417239247797,7.774810791015625,exploratory_effect_size,
luhk_surface_cover,31 | GIC / open space | bare_soil,31 | GIC / open space | grass_low_vegetation,10222,39392,221,770,2,5,rank_biserial_correlation,0.20176294293941344,1.2746736611337521,1.3851261138916016,exploratory_effect_size,
luhk_surface_cover,31 | GIC / open space | bare_soil,31 | GIC / open space | roof,10222,569132,221,9398,2,5,rank_biserial_correlation,0.43891258272916445,4.917917469915251,6.918054580688477,exploratory_effect_size,
luhk_surface_cover,31 | GIC / open space | bare_soil,31 | GIC / open space | vegetation_tree,10222,581928,221,10000,2,5,rank_biserial_correlation,0.7474570135746605,8.626246318931925,10.607355117797852,exploratory_effect_size,
luhk_surface_cover,31 | GIC / open space | bare_soil,51 | Other urban / built-up land | vegetation_tree,10222,200,221,4,2,1,rank_biserial_correlation,,,,skipped,At least one group has fewer than 100 sampled pixels.
luhk_surface_cover,31 | GIC / open space | bare_soil,71 | Woodland / shrubland / grassland / wetland | concrete_pavement,10222,5,221,2,2,1,rank_biserial_correlation,,,,skipped,At least one group has fewer than 100 sampled pixels.
luhk_surface_cover,31 | GIC / open space | bare_soil,71 | Woodland / shrubland / grassland / wetland | roof,10222,365,221,15,2,2,rank_biserial_correlation,,,,skipped,At least one group has fewer than 100 sampled pixels.
luhk_surface_cover,31 | GIC / open space | bare_soil,71 | Woodland / shrubland / grassland / wetland | vegetation_tree,10222,75704,221,1338,2,4,rank_biserial_correlation,0.812213812741378,9.553600080505968,11.241851806640625,exploratory_effect_size,
luhk_surface_cover,31 | GIC / open space | bare_soil,72 | Woodland / shrubland / grassland / wetland | concrete_pavement,10222,60,221,6,2,1,rank_biserial_correlation,,,,skipped,At least one group has fewer than 100 sampled pixels.
luhk_surface_cover,31 | GIC / open space | bare_soil,72 | Woodland / shrubland / grassland / wetland | roof,10222,104,221,7,2,1,rank_biserial_correlation,,,,skipped,At least one group has fewer than 100 sampled pixels.
luhk_surface_cover,31 | GIC / open space | bare_soil,72 | Woodland / shrubland / grassland / wetland | vegetation_tree,10222,31244,221,609,2,1,rank_biserial_correlation,,,,skipped,At least one group occurs in fewer than 2 images.
luhk_surface_cover,31 | GIC / open space | bare_soil,73 | Woodland / shrubland / grassland / wetland | vegetation_tree,10222,7253,221,150,2,2,rank_biserial_correlation,0.8686274509803922,10.314350470403381,12.263137817382812,exploratory_effect_size,
luhk_surface_cover,31 | GIC / open space | concrete_pavement,31 | GIC / open space | grass_low_vegetation,322791,39392,6673,770,5,5,rank_biserial_correlation,-0.41111437640734805,-3.6977435781140446,-6.389684677124023,exploratory_effect_size,
luhk_surface_cover,31 | GIC / open space | concrete_pavement,31 | GIC / open space | roof,322791,569132,6673,9398,5,5,rank_biserial_correlation,0.011997285277432823,-0.054499769332545966,-0.8567562103271484,exploratory_effect_size,
luhk_surface_cover,31 | GIC / open space | concrete_pavement,31 | GIC / open space | vegetation_tree,322791,581928,6673,10000,5,5,rank_biserial_correlation,0.4579237824067137,3.653829079684128,2.8325443267822266,exploratory_effect_size,
luhk_surface_cover,31 | GIC / open space | concrete_pavement,51 | Other urban / built-up land | vegetation_tree,322791,200,6673,4,5,1,rank_biserial_correlation,,,,skipped,At least one group has fewer than 100 sampled pixels.
luhk_surface_cover,31 | GIC / open space | concrete_pavement,71 | Woodland / shrubland / grassland / wetland | concrete_pavement,322791,5,6673,2,5,1,rank_biserial_correlation,,,,skipped,At least one group has fewer than 100 sampled pixels.
luhk_surface_cover,31 | GIC / open space | concrete_pavement,71 | Woodland / shrubland / grassland / wetland | roof,322791,365,6673,15,5,2,rank_biserial_correlation,,,,skipped,At least one group has fewer than 100 sampled pixels.
luhk_surface_cover,31 | GIC / open space | concrete_pavement,71 | Woodland / shrubland / grassland / wetland | vegetation_tree,322791,75704,6673,1338,5,4,rank_biserial_correlation,0.6094791786367972,4.581182841258171,3.467041015625,exploratory_effect_size,
luhk_surface_cover,31 | GIC / open space | concrete_pavement,72 | Woodland / shrubland / grassland / wetland | concrete_pavement,322791,60,6673,6,5,1,rank_biserial_correlation,,,,skipped,At least one group has fewer than 100 sampled pixels.
luhk_surface_cover,31 | GIC / open space | concrete_pavement,72 | Woodland / shrubland / grassland / wetland | roof,322791,104,6673,7,5,1,rank_biserial_correlation,,,,skipped,At least one group has fewer than 100 sampled pixels.
luhk_surface_cover,31 | GIC / open space | concrete_pavement,72 | Woodland / shrubland / grassland / wetland | vegetation_tree,322791,31244,6673,609,5,1,rank_biserial_correlation,,,,skipped,At least one group occurs in fewer than 2 images.
luhk_surface_cover,31 | GIC / open space | concrete_pavement,73 | Woodland / shrubland / grassland / wetland | vegetation_tree,322791,7253,6673,150,5,2,rank_biserial_correlation,0.7326439882111995,5.3419332311555845,4.4883270263671875,exploratory_effect_size,
luhk_surface_cover,31 | GIC / open space | grass_low_vegetation,31 | GIC / open space | roof,39392,569132,770,9398,5,5,rank_biserial_correlation,0.3636259994527711,3.6432438087814987,5.532928466796875,exploratory_effect_size,
luhk_surface_cover,31 | GIC / open space | grass_low_vegetation,31 | GIC / open space | vegetation_tree,39392,581928,770,10000,5,5,rank_biserial_correlation,0.7909614285714286,7.351572657798172,9.22222900390625,exploratory_effect_size,
luhk_surface_cover,31 | GIC / open space | grass_low_vegetation,51 | Other urban / built-up land | vegetation_tree,39392,200,770,4,5,1,rank_biserial_correlation,,,,skipped,At least one group has fewer than 100 sampled pixels.
luhk_surface_cover,31 | GIC / open space | grass_low_vegetation,71 | Woodland / shrubland / grassland / wetland | concrete_pavement,39392,5,770,2,5,1,rank_biserial_correlation,,,,skipped,At least one group has fewer than 100 sampled pixels.
luhk_surface_cover,31 | GIC / open space | grass_low_vegetation,71 | Woodland / shrubland / grassland / wetland | roof,39392,365,770,15,5,2,rank_biserial_correlation,,,,skipped,At least one group has fewer than 100 sampled pixels.
luhk_surface_cover,31 | GIC / open space | grass_low_vegetation,71 | Woodland / shrubland / grassland / wetland | vegetation_tree,39392,75704,770,1338,5,4,rank_biserial_correlation,0.8657833944829461,8.278926419372215,9.856725692749023,exploratory_effect_size,
luhk_surface_cover,31 | GIC / open space | grass_low_vegetation,72 | Woodland / shrubland / grassland / wetland | concrete_pavement,39392,60,770,6,5,1,rank_biserial_correlation,,,,skipped,At least one group has fewer than 100 sampled pixels.
luhk_surface_cover,31 | GIC / open space | grass_low_vegetation,72 | Woodland / shrubland / grassland / wetland | roof,39392,104,770,7,5,1,rank_biserial_correlation,,,,skipped,At least one group has fewer than 100 sampled pixels.
luhk_surface_cover,31 | GIC / open space | grass_low_vegetation,72 | Woodland / shrubland / grassland / wetland | vegetation_tree,39392,31244,770,609,5,1,rank_biserial_correlation,,,,skipped,At least one group occurs in fewer than 2 images.
luhk_surface_cover,31 | GIC / open space | grass_low_vegetation,73 | Woodland / shrubland / grassland / wetland | vegetation_tree,39392,7253,770,150,5,2,rank_biserial_correlation,0.9181558441558442,9.03967680926963,10.878011703491211,exploratory_effect_size,
luhk_surface_cover,31 | GIC / open space | roof,31 | GIC / open space | vegetation_tree,569132,581928,9398,10000,5,5,rank_biserial_correlation,0.33212625026601406,3.708328849016674,3.689300537109375,exploratory_effect_size,
luhk_surface_cover,31 | GIC / open space | roof,51 | Other urban / built-up land | vegetation_tree,569132,200,9398,4,5,1,rank_biserial_correlation,,,,skipped,At least one group has fewer than 100 sampled pixels.
luhk_surface_cover,31 | GIC / open space | roof,71 | Woodland / shrubland / grassland / wetland | concrete_pavement,569132,5,9398,2,5,1,rank_biserial_correlation,,,,skipped,At least one group has fewer than 100 sampled pixels.
luhk_surface_cover,31 | GIC / open space | roof,71 | Woodland / shrubland / grassland / wetland | roof,569132,365,9398,15,5,2,rank_biserial_correlation,,,,skipped,At least one group has fewer than 100 sampled pixels.
luhk_surface_cover,31 | GIC / open space | roof,71 | Woodland / shrubland / grassland / wetland | vegetation_tree,569132,75704,9398,1338,5,4,rank_biserial_correlation,0.428467272399337,4.635682610590717,4.323797225952148,exploratory_effect_size,
luhk_surface_cover,31 | GIC / open space | roof,72 | Woodland / shrubland / grassland / wetland | concrete_pavement,569132,60,9398,6,5,1,rank_biserial_correlation,,,,skipped,At least one group has fewer than 100 sampled pixels.
luhk_surface_cover,31 | GIC / open space | roof,72 | Woodland / shrubland / grassland / wetland | roof,569132,104,9398,7,5,1,rank_biserial_correlation,,,,skipped,At least one group has fewer than 100 sampled pixels.
luhk_surface_cover,31 | GIC / open space | roof,72 | Woodland / shrubland / grassland / wetland | vegetation_tree,569132,31244,9398,609,5,1,rank_biserial_correlation,,,,skipped,At least one group occurs in fewer than 2 images.
luhk_surface_cover,31 | GIC / open space | roof,73 | Woodland / shrubland / grassland / wetland | vegetation_tree,569132,7253,9398,150,5,2,rank_biserial_correlation,0.5187891040646946,5.3964330004881305,5.345083236694336,exploratory_effect_size,
luhk_surface_cover,31 | GIC / open space | vegetation_tree,51 | Other urban / built-up land | vegetation_tree,581928,200,10000,4,5,1,rank_biserial_correlation,,,,skipped,At least one group has fewer than 100 sampled pixels.
luhk_surface_cover,31 | GIC / open space | vegetation_tree,71 | Woodland / shrubland / grassland / wetland | concrete_pavement,581928,5,10000,2,5,1,rank_biserial_correlation,,,,skipped,At least one group has fewer than 100 sampled pixels.
luhk_surface_cover,31 | GIC / open space | vegetation_tree,71 | Woodland / shrubland / grassland / wetland | roof,581928,365,10000,15,5,2,rank_biserial_correlation,,,,skipped,At least one group has fewer than 100 sampled pixels.
luhk_surface_cover,31 | GIC / open space | vegetation_tree,71 | Woodland / shrubland / grassland / wetland | vegetation_tree,581928,75704,10000,1338,5,4,rank_biserial_correlation,0.23065381165919274,0.9273537615740426,0.6344966888427734,exploratory_effect_size,
luhk_surface_cover,31 | GIC / open space | vegetation_tree,72 | Woodland / shrubland / grassland / wetland | concrete_pavement,581928,60,10000,6,5,1,rank_biserial_correlation,,,,skipped,At least one group has fewer than 100 sampled pixels.
luhk_surface_cover,31 | GIC / open space | vegetation_tree,72 | Woodland / shrubland / grassland / wetland | roof,581928,104,10000,7,5,1,rank_biserial_correlation,,,,skipped,At least one group has fewer than 100 sampled pixels.
luhk_surface_cover,31 | GIC / open space | vegetation_tree,72 | Woodland / shrubland / grassland / wetland | vegetation_tree,581928,31244,10000,609,5,1,rank_biserial_correlation,,,,skipped,At least one group occurs in fewer than 2 images.
luhk_surface_cover,31 | GIC / open space | vegetation_tree,73 | Woodland / shrubland / grassland / wetland | vegetation_tree,581928,7253,10000,150,5,2,rank_biserial_correlation,0.48336066666666677,1.6881041514714559,1.655782699584961,exploratory_effect_size,
luhk_surface_cover,51 | Other urban / built-up land | vegetation_tree,71 | Woodland / shrubland / grassland / wetland | concrete_pavement,200,5,4,2,1,1,rank_biserial_correlation,,,,skipped,At least one group has fewer than 100 sampled pixels.
luhk_surface_cover,51 | Other urban / built-up land | vegetation_tree,71 | Woodland / shrubland / grassland / wetland | roof,200,365,4,15,1,2,rank_biserial_correlation,,,,skipped,At least one group has fewer than 100 sampled pixels.
luhk_surface_cover,51 | Other urban / built-up land | vegetation_tree,71 | Woodland / shrubland / grassland / wetland | vegetation_tree,200,75704,4,1338,1,4,rank_biserial_correlation,,,,skipped,At least one group has fewer than 100 sampled pixels.
luhk_surface_cover,51 | Other urban / built-up land | vegetation_tree,72 | Woodland / shrubland / grassland / wetland | concrete_pavement,200,60,4,6,1,1,rank_biserial_correlation,,,,skipped,At least one group has fewer than 100 sampled pixels.
luhk_surface_cover,51 | Other urban / built-up land | vegetation_tree,72 | Woodland / shrubland / grassland / wetland | roof,200,104,4,7,1,1,rank_biserial_correlation,,,,skipped,At least one group has fewer than 100 sampled pixels.
luhk_surface_cover,51 | Other urban / built-up land | vegetation_tree,72 | Woodland / shrubland / grassland / wetland | vegetation_tree,200,31244,4,609,1,1,rank_biserial_correlation,,,,skipped,At least one group has fewer than 100 sampled pixels.
luhk_surface_cover,51 | Other urban / built-up land | vegetation_tree,73 | Woodland / shrubland / grassland / wetland | vegetation_tree,200,7253,4,150,1,2,rank_biserial_correlation,,,,skipped,At least one group has fewer than 100 sampled pixels.
luhk_surface_cover,71 | Woodland / shrubland / grassland / wetland | concrete_pavement,71 | Woodland / shrubland / grassland / wetland | roof,5,365,2,15,1,2,rank_biserial_correlation,,,,skipped,At least one group has fewer than 100 sampled pixels.
luhk_surface_cover,71 | Woodland / shrubland / grassland / wetland | concrete_pavement,71 | Woodland / shrubland / grassland / wetland | vegetation_tree,5,75704,2,1338,1,4,rank_biserial_correlation,,,,skipped,At least one group has fewer than 100 sampled pixels.
luhk_surface_cover,71 | Woodland / shrubland / grassland / wetland | concrete_pavement,72 | Woodland / shrubland / grassland / wetland | concrete_pavement,5,60,2,6,1,1,rank_biserial_correlation,,,,skipped,At least one group has fewer than 100 sampled pixels.
luhk_surface_cover,71 | Woodland / shrubland / grassland / wetland | concrete_pavement,72 | Woodland / shrubland / grassland / wetland | roof,5,104,2,7,1,1,rank_biserial_correlation,,,,skipped,At least one group has fewer than 100 sampled pixels.
luhk_surface_cover,71 | Woodland / shrubland / grassland / wetland | concrete_pavement,72 | Woodland / shrubland / grassland / wetland | vegetation_tree,5,31244,2,609,1,1,rank_biserial_correlation,,,,skipped,At least one group has fewer than 100 sampled pixels.
luhk_surface_cover,71 | Woodland / shrubland / grassland / wetland | concrete_pavement,73 | Woodland / shrubland / grassland / wetland | vegetation_tree,5,7253,2,150,1,2,rank_biserial_correlation,,,,skipped,At least one group has fewer than 100 sampled pixels.
luhk_surface_cover,71 | Woodland / shrubland / grassland / wetland | roof,71 | Woodland / shrubland / grassland / wetland | vegetation_tree,365,75704,15,1338,2,4,rank_biserial_correlation,,,,skipped,At least one group has fewer than 100 sampled pixels.
luhk_surface_cover,71 | Woodland / shrubland / grassland / wetland | roof,72 | Woodland / shrubland / grassland / wetland | concrete_pavement,365,60,15,6,2,1,rank_biserial_correlation,,,,skipped,At least one group has fewer than 100 sampled pixels.
luhk_surface_cover,71 | Woodland / shrubland / grassland / wetland | roof,72 | Woodland / shrubland / grassland / wetland | roof,365,104,15,7,2,1,rank_biserial_correlation,,,,skipped,At least one group has fewer than 100 sampled pixels.
luhk_surface_cover,71 | Woodland / shrubland / grassland / wetland | roof,72 | Woodland / shrubland / grassland / wetland | vegetation_tree,365,31244,15,609,2,1,rank_biserial_correlation,,,,skipped,At least one group has fewer than 100 sampled pixels.
luhk_surface_cover,71 | Woodland / shrubland / grassland / wetland | roof,73 | Woodland / shrubland / grassland / wetland | vegetation_tree,365,7253,15,150,2,2,rank_biserial_correlation,,,,skipped,At least one group has fewer than 100 sampled pixels.
luhk_surface_cover,71 | Woodland / shrubland / grassland / wetland | vegetation_tree,72 | Woodland / shrubland / grassland / wetland | concrete_pavement,75704,60,1338,6,4,1,rank_biserial_correlation,,,,skipped,At least one group has fewer than 100 sampled pixels.
luhk_surface_cover,71 | Woodland / shrubland / grassland / wetland | vegetation_tree,72 | Woodland / shrubland / grassland / wetland | roof,75704,104,1338,7,4,1,rank_biserial_correlation,,,,skipped,At least one group has fewer than 100 sampled pixels.
luhk_surface_cover,71 | Woodland / shrubland / grassland / wetland | vegetation_tree,72 | Woodland / shrubland / grassland / wetland | vegetation_tree,75704,31244,1338,609,4,1,rank_biserial_correlation,,,,skipped,At least one group occurs in fewer than 2 images.
luhk_surface_cover,71 | Woodland / shrubland / grassland / wetland | vegetation_tree,73 | Woodland / shrubland / grassland / wetland | vegetation_tree,75704,7253,1338,150,4,2,rank_biserial_correlation,0.3008719481813653,0.7607503898974133,1.0212860107421875,exploratory_effect_size,
luhk_surface_cover,72 | Woodland / shrubland / grassland / wetland | concrete_pavement,72 | Woodland / shrubland / grassland / wetland | roof,60,104,6,7,1,1,rank_biserial_correlation,,,,skipped,At least one group has fewer than 100 sampled pixels.
luhk_surface_cover,72 | Woodland / shrubland / grassland / wetland | concrete_pavement,72 | Woodland / shrubland / grassland / wetland | vegetation_tree,60,31244,6,609,1,1,rank_biserial_correlation,,,,skipped,At least one group has fewer than 100 sampled pixels.
luhk_surface_cover,72 | Woodland / shrubland / grassland / wetland | concrete_pavement,73 | Woodland / shrubland / grassland / wetland | vegetation_tree,60,7253,6,150,1,2,rank_biserial_correlation,,,,skipped,At least one group has fewer than 100 sampled pixels.
luhk_surface_cover,72 | Woodland / shrubland / grassland / wetland | roof,72 | Woodland / shrubland / grassland / wetland | vegetation_tree,104,31244,7,609,1,1,rank_biserial_correlation,,,,skipped,At least one group has fewer than 100 sampled pixels.
luhk_surface_cover,72 | Woodland / shrubland / grassland / wetland | roof,73 | Woodland / shrubland / grassland / wetland | vegetation_tree,104,7253,7,150,1,2,rank_biserial_correlation,,,,skipped,At least one group has fewer than 100 sampled pixels.
luhk_surface_cover,72 | Woodland / shrubland / grassland / wetland | vegetation_tree,73 | Woodland / shrubland / grassland / wetland | vegetation_tree,31244,7253,609,150,1,2,rank_biserial_correlation,,,,skipped,At least one group occurs in fewer than 2 images.
surface_cover_shadow,bare_soil | shadow=0,bare_soil | shadow=1,10222,0,221,0,2,0,rank_biserial_correlation,,,,skipped,Within-cover shadow contrast skipped because both shadow_flag=0 and shadow_flag=1 are not present.
surface_cover_shadow,concrete_pavement | shadow=0,concrete_pavement | shadow=1,322856,0,6677,0,5,0,rank_biserial_correlation,,,,skipped,Within-cover shadow contrast skipped because both shadow_flag=0 and shadow_flag=1 are not present.
surface_cover_shadow,grass_low_vegetation | shadow=0,grass_low_vegetation | shadow=1,39392,0,770,0,5,0,rank_biserial_correlation,,,,skipped,Within-cover shadow contrast skipped because both shadow_flag=0 and shadow_flag=1 are not present.
surface_cover_shadow,roof | shadow=0,roof | shadow=1,569601,0,9406,0,5,0,rank_biserial_correlation,,,,skipped,Within-cover shadow contrast skipped because both shadow_flag=0 and shadow_flag=1 are not present.
surface_cover_shadow,vegetation_tree | shadow=0,vegetation_tree | shadow=1,696329,0,10000,0,5,0,rank_biserial_correlation,,,,skipped,Within-cover shadow contrast skipped because both shadow_flag=0 and shadow_flag=1 are not present.
image_comparison,DJI_20260107143259_0005,DJI_20260107143320_0007,327680,327680,2500,2500,1,1,rank_biserial_correlation,,,,skipped,At least one group occurs in fewer than 2 images.
image_comparison,DJI_20260107143259_0005,DJI_20260107143328_0008,327680,327680,2500,2500,1,1,rank_biserial_correlation,,,,skipped,At least one group occurs in fewer than 2 images.
image_comparison,DJI_20260107143259_0005,DJI_20260107143344_0009,327680,327680,2500,2500,1,1,rank_biserial_correlation,,,,skipped,At least one group occurs in fewer than 2 images.
image_comparison,DJI_20260107143259_0005,DJI_20260107143401_0011,327680,327680,2500,2500,1,1,rank_biserial_correlation,,,,skipped,At least one group occurs in fewer than 2 images.
image_comparison,DJI_20260107143320_0007,DJI_20260107143328_0008,327680,327680,2500,2500,1,1,rank_biserial_correlation,,,,skipped,At least one group occurs in fewer than 2 images.
image_comparison,DJI_20260107143320_0007,DJI_20260107143344_0009,327680,327680,2500,2500,1,1,rank_biserial_correlation,,,,skipped,At least one group occurs in fewer than 2 images.
image_comparison,DJI_20260107143320_0007,DJI_20260107143401_0011,327680,327680,2500,2500,1,1,rank_biserial_correlation,,,,skipped,At least one group occurs in fewer than 2 images.
image_comparison,DJI_20260107143328_0008,DJI_20260107143344_0009,327680,327680,2500,2500,1,1,rank_biserial_correlation,,,,skipped,At least one group occurs in fewer than 2 images.
image_comparison,DJI_20260107143328_0008,DJI_20260107143401_0011,327680,327680,2500,2500,1,1,rank_biserial_correlation,,,,skipped,At least one group occurs in fewer than 2 images.
image_comparison,DJI_20260107143344_0009,DJI_20260107143401_0011,327680,327680,2500,2500,1,1,rank_biserial_correlation,,,,skipped,At least one group occurs in fewer than 2 images.
