pair_id,segment_id,suggested_class,manual_class,confidence,review_status,notes
20260107_Thermal_HKUST/DCIM/DJI_202601071424_001::DJI_20260107143259_0005,1,unclear_ignore,vegetation_tree,medium,codex_prefilled_needs_review,codex_draft_v1: green or textured canopy-like segment | original_note: heuristic could not assign a reliable surface-cover suggestion
20260107_Thermal_HKUST/DCIM/DJI_202601071424_001::DJI_20260107143259_0005,2,unclear_ignore,vegetation_tree,medium,codex_prefilled_needs_review,codex_draft_v1: green or textured canopy-like segment | original_note: heuristic could not assign a reliable surface-cover suggestion
20260107_Thermal_HKUST/DCIM/DJI_202601071424_001::DJI_20260107143259_0005,3,water,vegetation_tree,low,codex_prefilled_needs_review,codex_draft_v1: cool-toned shaded canopy-like segment | original_note: blue/cyan heuristic; review required
20260107_Thermal_HKUST/DCIM/DJI_202601071424_001::DJI_20260107143259_0005,4,unclear_ignore,vegetation_tree,medium,codex_prefilled_needs_review,codex_draft_v1: green or textured canopy-like segment | original_note: heuristic could not assign a reliable surface-cover suggestion
20260107_Thermal_HKUST/DCIM/DJI_202601071424_001::DJI_20260107143259_0005,5,unclear_ignore,vegetation_tree,medium,codex_prefilled_needs_review,codex_draft_v1: green or textured canopy-like segment | original_note: heuristic could not assign a reliable surface-cover suggestion
20260107_Thermal_HKUST/DCIM/DJI_202601071424_001::DJI_20260107143259_0005,6,unclear_ignore,vegetation_tree,medium,codex_prefilled_needs_review,codex_draft_v1: green or textured canopy-like segment | original_note: heuristic could not assign a reliable surface-cover suggestion
20260107_Thermal_HKUST/DCIM/DJI_202601071424_001::DJI_20260107143259_0005,7,water,unclear_ignore,low,codex_prefilled_needs_review,codex_draft_v1: ambiguous mixed segment; human review needed | original_note: blue/cyan heuristic; review required
20260107_Thermal_HKUST/DCIM/DJI_202601071424_001::DJI_20260107143259_0005,8,unclear_ignore,vegetation_tree,medium,codex_prefilled_needs_review,codex_draft_v1: green or textured canopy-like segment | original_note: heuristic could not assign a reliable surface-cover suggestion
20260107_Thermal_HKUST/DCIM/DJI_202601071424_001::DJI_20260107143259_0005,9,water,unclear_ignore,low,codex_prefilled_needs_review,codex_draft_v1: ambiguous mixed segment; human review needed | original_note: blue/cyan heuristic; review required
20260107_Thermal_HKUST/DCIM/DJI_202601071424_001::DJI_20260107143259_0005,10,unclear_ignore,vegetation_tree,medium,codex_prefilled_needs_review,codex_draft_v1: green or textured canopy-like segment | original_note: heuristic could not assign a reliable surface-cover suggestion
20260107_Thermal_HKUST/DCIM/DJI_202601071424_001::DJI_20260107143259_0005,11,unclear_ignore,unclear_ignore,low,codex_prefilled_needs_review,codex_draft_v1: ambiguous mixed segment; human review needed | original_note: heuristic could not assign a reliable surface-cover suggestion
20260107_Thermal_HKUST/DCIM/DJI_202601071424_001::DJI_20260107143259_0005,12,unclear_ignore,unclear_ignore,low,codex_prefilled_needs_review,codex_draft_v1: ambiguous mixed segment; human review needed | original_note: heuristic could not assign a reliable surface-cover suggestion
20260107_Thermal_HKUST/DCIM/DJI_202601071424_001::DJI_20260107143259_0005,13,unclear_ignore,vegetation_tree,medium,codex_prefilled_needs_review,codex_draft_v1: green or textured canopy-like segment | original_note: heuristic could not assign a reliable surface-cover suggestion
20260107_Thermal_HKUST/DCIM/DJI_202601071424_001::DJI_20260107143259_0005,14,water,vegetation_tree,low,codex_prefilled_needs_review,codex_draft_v1: cool-toned shaded canopy-like segment | original_note: blue/cyan heuristic; review required
20260107_Thermal_HKUST/DCIM/DJI_202601071424_001::DJI_20260107143259_0005,15,water,vegetation_tree,low,codex_prefilled_needs_review,codex_draft_v1: cool-toned shaded canopy-like segment | original_note: blue/cyan heuristic; review required
20260107_Thermal_HKUST/DCIM/DJI_202601071424_001::DJI_20260107143259_0005,16,unclear_ignore,vegetation_tree,medium,codex_prefilled_needs_review,codex_draft_v1: green or textured canopy-like segment | original_note: heuristic could not assign a reliable surface-cover suggestion
20260107_Thermal_HKUST/DCIM/DJI_202601071424_001::DJI_20260107143259_0005,17,unclear_ignore,vegetation_tree,medium,codex_prefilled_needs_review,codex_draft_v1: green or textured canopy-like segment | original_note: heuristic could not assign a reliable surface-cover suggestion
20260107_Thermal_HKUST/DCIM/DJI_202601071424_001::DJI_20260107143259_0005,18,unclear_ignore,vegetation_tree,medium,codex_prefilled_needs_review,codex_draft_v1: green or textured canopy-like segment | original_note: heuristic could not assign a reliable surface-cover suggestion
20260107_Thermal_HKUST/DCIM/DJI_202601071424_001::DJI_20260107143259_0005,19,water,vegetation_tree,low,codex_prefilled_needs_review,codex_draft_v1: cool-toned shaded canopy-like segment | original_note: blue/cyan heuristic; review required
20260107_Thermal_HKUST/DCIM/DJI_202601071424_001::DJI_20260107143259_0005,20,unclear_ignore,vegetation_tree,medium,codex_prefilled_needs_review,codex_draft_v1: green or textured canopy-like segment | original_note: heuristic could not assign a reliable surface-cover suggestion
20260107_Thermal_HKUST/DCIM/DJI_202601071424_001::DJI_20260107143259_0005,21,water,vegetation_tree,low,codex_prefilled_needs_review,codex_draft_v1: cool-toned shaded canopy-like segment | original_note: blue/cyan heuristic; review required
20260107_Thermal_HKUST/DCIM/DJI_202601071424_001::DJI_20260107143259_0005,22,water,vegetation_tree,low,codex_prefilled_needs_review,codex_draft_v1: cool-toned shaded canopy-like segment | original_note: blue/cyan heuristic; review required
20260107_Thermal_HKUST/DCIM/DJI_202601071424_001::DJI_20260107143259_0005,23,unclear_ignore,unclear_ignore,low,codex_prefilled_needs_review,codex_draft_v1: ambiguous mixed segment; human review needed | original_note: heuristic could not assign a reliable surface-cover suggestion
20260107_Thermal_HKUST/DCIM/DJI_202601071424_001::DJI_20260107143259_0005,24,water,vegetation_tree,low,codex_prefilled_needs_review,codex_draft_v1: cool-toned shaded canopy-like segment | original_note: blue/cyan heuristic; review required
20260107_Thermal_HKUST/DCIM/DJI_202601071424_001::DJI_20260107143259_0005,25,water,vegetation_tree,low,codex_prefilled_needs_review,codex_draft_v1: cool-toned shaded canopy-like segment | original_note: blue/cyan heuristic; review required
20260107_Thermal_HKUST/DCIM/DJI_202601071424_001::DJI_20260107143259_0005,26,water,vegetation_tree,low,codex_prefilled_needs_review,codex_draft_v1: cool-toned shaded canopy-like segment | original_note: blue/cyan heuristic; review required
20260107_Thermal_HKUST/DCIM/DJI_202601071424_001::DJI_20260107143259_0005,27,unclear_ignore,vegetation_tree,medium,codex_prefilled_needs_review,codex_draft_v1: green or textured canopy-like segment | original_note: heuristic could not assign a reliable surface-cover suggestion
20260107_Thermal_HKUST/DCIM/DJI_202601071424_001::DJI_20260107143259_0005,28,water,unclear_ignore,low,codex_prefilled_needs_review,codex_draft_v1: ambiguous mixed segment; human review needed | original_note: blue/cyan heuristic; review required
20260107_Thermal_HKUST/DCIM/DJI_202601071424_001::DJI_20260107143259_0005,29,water,vegetation_tree,low,codex_prefilled_needs_review,codex_draft_v1: cool-toned shaded canopy-like segment | original_note: blue/cyan heuristic; review required
20260107_Thermal_HKUST/DCIM/DJI_202601071424_001::DJI_20260107143259_0005,30,unclear_ignore,unclear_ignore,low,codex_prefilled_needs_review,codex_draft_v1: ambiguous mixed segment; human review needed | original_note: heuristic could not assign a reliable surface-cover suggestion
20260107_Thermal_HKUST/DCIM/DJI_202601071424_001::DJI_20260107143259_0005,31,unclear_ignore,vegetation_tree,medium,codex_prefilled_needs_review,codex_draft_v1: green or textured canopy-like segment | original_note: heuristic could not assign a reliable surface-cover suggestion
20260107_Thermal_HKUST/DCIM/DJI_202601071424_001::DJI_20260107143259_0005,32,water,vegetation_tree,low,codex_prefilled_needs_review,codex_draft_v1: cool-toned shaded canopy-like segment | original_note: blue/cyan heuristic; review required
20260107_Thermal_HKUST/DCIM/DJI_202601071424_001::DJI_20260107143259_0005,33,water,vegetation_tree,low,codex_prefilled_needs_review,codex_draft_v1: cool-toned shaded canopy-like segment | original_note: blue/cyan heuristic; review required
20260107_Thermal_HKUST/DCIM/DJI_202601071424_001::DJI_20260107143259_0005,34,water,vegetation_tree,low,codex_prefilled_needs_review,codex_draft_v1: cool-toned shaded canopy-like segment | original_note: blue/cyan heuristic; review required
20260107_Thermal_HKUST/DCIM/DJI_202601071424_001::DJI_20260107143259_0005,35,unclear_ignore,unclear_ignore,low,codex_prefilled_needs_review,codex_draft_v1: ambiguous mixed segment; human review needed | original_note: heuristic could not assign a reliable surface-cover suggestion
20260107_Thermal_HKUST/DCIM/DJI_202601071424_001::DJI_20260107143259_0005,36,water,unclear_ignore,low,codex_prefilled_needs_review,codex_draft_v1: ambiguous mixed segment; human review needed | original_note: blue/cyan heuristic; review required
20260107_Thermal_HKUST/DCIM/DJI_202601071424_001::DJI_20260107143259_0005,37,water,vegetation_tree,low,codex_prefilled_needs_review,codex_draft_v1: cool-toned shaded canopy-like segment | original_note: blue/cyan heuristic; review required
20260107_Thermal_HKUST/DCIM/DJI_202601071424_001::DJI_20260107143259_0005,38,water,vegetation_tree,low,codex_prefilled_needs_review,codex_draft_v1: cool-toned shaded canopy-like segment | original_note: blue/cyan heuristic; review required
20260107_Thermal_HKUST/DCIM/DJI_202601071424_001::DJI_20260107143259_0005,39,water,vegetation_tree,low,codex_prefilled_needs_review,codex_draft_v1: cool-toned shaded canopy-like segment | original_note: blue/cyan heuristic; review required
20260107_Thermal_HKUST/DCIM/DJI_202601071424_001::DJI_20260107143259_0005,40,unclear_ignore,vegetation_tree,medium,codex_prefilled_needs_review,codex_draft_v1: green or textured canopy-like segment | original_note: heuristic could not assign a reliable surface-cover suggestion
20260107_Thermal_HKUST/DCIM/DJI_202601071424_001::DJI_20260107143259_0005,41,unclear_ignore,vegetation_tree,medium,codex_prefilled_needs_review,codex_draft_v1: green or textured canopy-like segment | original_note: heuristic could not assign a reliable surface-cover suggestion
20260107_Thermal_HKUST/DCIM/DJI_202601071424_001::DJI_20260107143259_0005,42,unclear_ignore,vegetation_tree,medium,codex_prefilled_needs_review,codex_draft_v1: green or textured canopy-like segment | original_note: heuristic could not assign a reliable surface-cover suggestion
20260107_Thermal_HKUST/DCIM/DJI_202601071424_001::DJI_20260107143259_0005,43,unclear_ignore,asphalt_road,low,codex_prefilled_needs_review,codex_draft_v1: dark gray low-saturation hardscape heuristic | original_note: heuristic could not assign a reliable surface-cover suggestion
20260107_Thermal_HKUST/DCIM/DJI_202601071424_001::DJI_20260107143259_0005,44,water,vegetation_tree,low,codex_prefilled_needs_review,codex_draft_v1: cool-toned shaded canopy-like segment | original_note: blue/cyan heuristic; review required
20260107_Thermal_HKUST/DCIM/DJI_202601071424_001::DJI_20260107143259_0005,45,water,vegetation_tree,low,codex_prefilled_needs_review,codex_draft_v1: cool-toned shaded canopy-like segment | original_note: blue/cyan heuristic; review required
20260107_Thermal_HKUST/DCIM/DJI_202601071424_001::DJI_20260107143259_0005,46,unclear_ignore,unclear_ignore,low,codex_prefilled_needs_review,codex_draft_v1: ambiguous mixed segment; human review needed | original_note: heuristic could not assign a reliable surface-cover suggestion
20260107_Thermal_HKUST/DCIM/DJI_202601071424_001::DJI_20260107143259_0005,47,water,vegetation_tree,low,codex_prefilled_needs_review,codex_draft_v1: cool-toned shaded canopy-like segment | original_note: blue/cyan heuristic; review required
20260107_Thermal_HKUST/DCIM/DJI_202601071424_001::DJI_20260107143259_0005,48,water,unclear_ignore,low,codex_prefilled_needs_review,codex_draft_v1: ambiguous mixed segment; human review needed | original_note: blue/cyan heuristic; review required
20260107_Thermal_HKUST/DCIM/DJI_202601071424_001::DJI_20260107143259_0005,49,water,vegetation_tree,low,codex_prefilled_needs_review,codex_draft_v1: cool-toned shaded canopy-like segment | original_note: blue/cyan heuristic; review required
20260107_Thermal_HKUST/DCIM/DJI_202601071424_001::DJI_20260107143259_0005,50,unclear_ignore,vegetation_tree,medium,codex_prefilled_needs_review,codex_draft_v1: green or textured canopy-like segment | original_note: heuristic could not assign a reliable surface-cover suggestion
20260107_Thermal_HKUST/DCIM/DJI_202601071424_001::DJI_20260107143259_0005,51,water,vegetation_tree,low,codex_prefilled_needs_review,codex_draft_v1: cool-toned shaded canopy-like segment | original_note: blue/cyan heuristic; review required
20260107_Thermal_HKUST/DCIM/DJI_202601071424_001::DJI_20260107143259_0005,52,water,vegetation_tree,low,codex_prefilled_needs_review,codex_draft_v1: cool-toned shaded canopy-like segment | original_note: blue/cyan heuristic; review required
20260107_Thermal_HKUST/DCIM/DJI_202601071424_001::DJI_20260107143259_0005,53,water,vegetation_tree,low,codex_prefilled_needs_review,codex_draft_v1: cool-toned shaded canopy-like segment | original_note: blue/cyan heuristic; review required
20260107_Thermal_HKUST/DCIM/DJI_202601071424_001::DJI_20260107143259_0005,54,unclear_ignore,vegetation_tree,medium,codex_prefilled_needs_review,codex_draft_v1: green or textured canopy-like segment | original_note: heuristic could not assign a reliable surface-cover suggestion
20260107_Thermal_HKUST/DCIM/DJI_202601071424_001::DJI_20260107143259_0005,55,unclear_ignore,vegetation_tree,medium,codex_prefilled_needs_review,codex_draft_v1: green or textured canopy-like segment | original_note: heuristic could not assign a reliable surface-cover suggestion
20260107_Thermal_HKUST/DCIM/DJI_202601071424_001::DJI_20260107143259_0005,56,water,unclear_ignore,low,codex_prefilled_needs_review,codex_draft_v1: ambiguous mixed segment; human review needed | original_note: blue/cyan heuristic; review required
20260107_Thermal_HKUST/DCIM/DJI_202601071424_001::DJI_20260107143259_0005,57,unclear_ignore,vegetation_tree,medium,codex_prefilled_needs_review,codex_draft_v1: green or textured canopy-like segment | original_note: heuristic could not assign a reliable surface-cover suggestion
20260107_Thermal_HKUST/DCIM/DJI_202601071424_001::DJI_20260107143259_0005,58,asphalt_road,vegetation_tree,medium,codex_prefilled_needs_review,codex_draft_v1: green or textured canopy-like segment | original_note: dark low-saturation hardscape heuristic
20260107_Thermal_HKUST/DCIM/DJI_202601071424_001::DJI_20260107143259_0005,59,water,vegetation_tree,low,codex_prefilled_needs_review,codex_draft_v1: cool-toned shaded canopy-like segment | original_note: blue/cyan heuristic; review required
20260107_Thermal_HKUST/DCIM/DJI_202601071424_001::DJI_20260107143259_0005,60,water,unclear_ignore,low,codex_prefilled_needs_review,codex_draft_v1: ambiguous mixed segment; human review needed | original_note: blue/cyan heuristic; review required
20260107_Thermal_HKUST/DCIM/DJI_202601071424_001::DJI_20260107143259_0005,61,unclear_ignore,roof,low,codex_prefilled_needs_review,codex_draft_v1: medium-bright compact built-surface segment | original_note: heuristic could not assign a reliable surface-cover suggestion
20260107_Thermal_HKUST/DCIM/DJI_202601071424_001::DJI_20260107143259_0005,62,water,vegetation_tree,low,codex_prefilled_needs_review,codex_draft_v1: cool-toned shaded canopy-like segment | original_note: blue/cyan heuristic; review required
20260107_Thermal_HKUST/DCIM/DJI_202601071424_001::DJI_20260107143259_0005,63,concrete_pavement,roof,medium,codex_prefilled_needs_review,codex_draft_v1: bright low-saturation compact segment | original_note: bright low-saturation hardscape heuristic
20260107_Thermal_HKUST/DCIM/DJI_202601071424_001::DJI_20260107143259_0005,64,unclear_ignore,vegetation_tree,medium,codex_prefilled_needs_review,codex_draft_v1: green or textured canopy-like segment | original_note: heuristic could not assign a reliable surface-cover suggestion
20260107_Thermal_HKUST/DCIM/DJI_202601071424_001::DJI_20260107143259_0005,65,water,vegetation_tree,low,codex_prefilled_needs_review,codex_draft_v1: cool-toned shaded canopy-like segment | original_note: blue/cyan heuristic; review required
20260107_Thermal_HKUST/DCIM/DJI_202601071424_001::DJI_20260107143259_0005,66,water,vegetation_tree,low,codex_prefilled_needs_review,codex_draft_v1: cool-toned shaded canopy-like segment | original_note: blue/cyan heuristic; review required
20260107_Thermal_HKUST/DCIM/DJI_202601071424_001::DJI_20260107143259_0005,67,water,vegetation_tree,low,codex_prefilled_needs_review,codex_draft_v1: cool-toned shaded canopy-like segment | original_note: blue/cyan heuristic; review required
20260107_Thermal_HKUST/DCIM/DJI_202601071424_001::DJI_20260107143259_0005,68,water,vegetation_tree,low,codex_prefilled_needs_review,codex_draft_v1: cool-toned shaded canopy-like segment | original_note: blue/cyan heuristic; review required
20260107_Thermal_HKUST/DCIM/DJI_202601071424_001::DJI_20260107143259_0005,69,unclear_ignore,unclear_ignore,low,codex_prefilled_needs_review,codex_draft_v1: ambiguous mixed segment; human review needed | original_note: heuristic could not assign a reliable surface-cover suggestion
20260107_Thermal_HKUST/DCIM/DJI_202601071424_001::DJI_20260107143259_0005,70,water,vegetation_tree,low,codex_prefilled_needs_review,codex_draft_v1: cool-toned shaded canopy-like segment | original_note: blue/cyan heuristic; review required
20260107_Thermal_HKUST/DCIM/DJI_202601071424_001::DJI_20260107143259_0005,71,water,unclear_ignore,low,codex_prefilled_needs_review,codex_draft_v1: ambiguous mixed segment; human review needed | original_note: blue/cyan heuristic; review required
20260107_Thermal_HKUST/DCIM/DJI_202601071424_001::DJI_20260107143259_0005,72,water,vegetation_tree,low,codex_prefilled_needs_review,codex_draft_v1: cool-toned shaded canopy-like segment | original_note: blue/cyan heuristic; review required
20260107_Thermal_HKUST/DCIM/DJI_202601071424_001::DJI_20260107143259_0005,73,concrete_pavement,roof,medium,codex_prefilled_needs_review,codex_draft_v1: bright low-saturation compact segment | original_note: bright low-saturation hardscape heuristic
20260107_Thermal_HKUST/DCIM/DJI_202601071424_001::DJI_20260107143259_0005,74,concrete_pavement,roof,medium,codex_prefilled_needs_review,codex_draft_v1: bright low-saturation compact segment | original_note: bright low-saturation hardscape heuristic
20260107_Thermal_HKUST/DCIM/DJI_202601071424_001::DJI_20260107143259_0005,75,water,vegetation_tree,low,codex_prefilled_needs_review,codex_draft_v1: cool-toned shaded canopy-like segment | original_note: blue/cyan heuristic; review required
20260107_Thermal_HKUST/DCIM/DJI_202601071424_001::DJI_20260107143259_0005,76,water,vegetation_tree,low,codex_prefilled_needs_review,codex_draft_v1: cool-toned shaded canopy-like segment | original_note: blue/cyan heuristic; review required
20260107_Thermal_HKUST/DCIM/DJI_202601071424_001::DJI_20260107143259_0005,77,water,vegetation_tree,low,codex_prefilled_needs_review,codex_draft_v1: cool-toned shaded canopy-like segment | original_note: blue/cyan heuristic; review required
20260107_Thermal_HKUST/DCIM/DJI_202601071424_001::DJI_20260107143259_0005,78,water,vegetation_tree,low,codex_prefilled_needs_review,codex_draft_v1: cool-toned shaded canopy-like segment | original_note: blue/cyan heuristic; review required
20260107_Thermal_HKUST/DCIM/DJI_202601071424_001::DJI_20260107143259_0005,79,water,unclear_ignore,low,codex_prefilled_needs_review,codex_draft_v1: ambiguous mixed segment; human review needed | original_note: blue/cyan heuristic; review required
20260107_Thermal_HKUST/DCIM/DJI_202601071424_001::DJI_20260107143259_0005,80,unclear_ignore,vegetation_tree,low,codex_prefilled_needs_review,codex_draft_v1: cool-toned shaded canopy-like segment | original_note: heuristic could not assign a reliable surface-cover suggestion
20260107_Thermal_HKUST/DCIM/DJI_202601071424_001::DJI_20260107143259_0005,81,water,vegetation_tree,low,codex_prefilled_needs_review,codex_draft_v1: cool-toned shaded canopy-like segment | original_note: blue/cyan heuristic; review required
20260107_Thermal_HKUST/DCIM/DJI_202601071424_001::DJI_20260107143259_0005,82,concrete_pavement,roof,medium,codex_prefilled_needs_review,codex_draft_v1: bright low-saturation compact segment | original_note: bright low-saturation hardscape heuristic
20260107_Thermal_HKUST/DCIM/DJI_202601071424_001::DJI_20260107143259_0005,83,unclear_ignore,vegetation_tree,medium,codex_prefilled_needs_review,codex_draft_v1: green or textured canopy-like segment | original_note: heuristic could not assign a reliable surface-cover suggestion
20260107_Thermal_HKUST/DCIM/DJI_202601071424_001::DJI_20260107143259_0005,84,concrete_pavement,concrete_pavement,medium,codex_prefilled_needs_review,codex_draft_v1: bright low-saturation hardscape segment | original_note: bright low-saturation hardscape heuristic
20260107_Thermal_HKUST/DCIM/DJI_202601071424_001::DJI_20260107143259_0005,85,unclear_ignore,roof,low,codex_prefilled_needs_review,codex_draft_v1: medium-bright compact built-surface segment | original_note: heuristic could not assign a reliable surface-cover suggestion
20260107_Thermal_HKUST/DCIM/DJI_202601071424_001::DJI_20260107143259_0005,86,unclear_ignore,roof,medium,codex_prefilled_needs_review,codex_draft_v1: bright low-saturation compact segment | original_note: heuristic could not assign a reliable surface-cover suggestion
20260107_Thermal_HKUST/DCIM/DJI_202601071424_001::DJI_20260107143259_0005,87,water,vegetation_tree,low,codex_prefilled_needs_review,codex_draft_v1: cool-toned shaded canopy-like segment | original_note: blue/cyan heuristic; review required
20260107_Thermal_HKUST/DCIM/DJI_202601071424_001::DJI_20260107143259_0005,88,concrete_pavement,concrete_pavement,medium,codex_prefilled_needs_review,codex_draft_v1: bright low-saturation hardscape segment | original_note: bright low-saturation hardscape heuristic
20260107_Thermal_HKUST/DCIM/DJI_202601071424_001::DJI_20260107143259_0005,89,water,unclear_ignore,low,codex_prefilled_needs_review,codex_draft_v1: ambiguous mixed segment; human review needed | original_note: blue/cyan heuristic; review required
20260107_Thermal_HKUST/DCIM/DJI_202601071424_001::DJI_20260107143259_0005,90,unclear_ignore,roof,medium,codex_prefilled_needs_review,codex_draft_v1: bright low-saturation compact segment | original_note: heuristic could not assign a reliable surface-cover suggestion
20260107_Thermal_HKUST/DCIM/DJI_202601071424_001::DJI_20260107143259_0005,91,water,vegetation_tree,low,codex_prefilled_needs_review,codex_draft_v1: cool-toned shaded canopy-like segment | original_note: blue/cyan heuristic; review required
20260107_Thermal_HKUST/DCIM/DJI_202601071424_001::DJI_20260107143259_0005,92,water,vegetation_tree,low,codex_prefilled_needs_review,codex_draft_v1: cool-toned shaded canopy-like segment | original_note: blue/cyan heuristic; review required
20260107_Thermal_HKUST/DCIM/DJI_202601071424_001::DJI_20260107143259_0005,93,unclear_ignore,vegetation_tree,medium,codex_prefilled_needs_review,codex_draft_v1: green or textured canopy-like segment | original_note: heuristic could not assign a reliable surface-cover suggestion
20260107_Thermal_HKUST/DCIM/DJI_202601071424_001::DJI_20260107143259_0005,94,water,vegetation_tree,low,codex_prefilled_needs_review,codex_draft_v1: cool-toned shaded canopy-like segment | original_note: blue/cyan heuristic; review required
20260107_Thermal_HKUST/DCIM/DJI_202601071424_001::DJI_20260107143259_0005,95,unclear_ignore,vegetation_tree,medium,codex_prefilled_needs_review,codex_draft_v1: green or textured canopy-like segment | original_note: heuristic could not assign a reliable surface-cover suggestion
20260107_Thermal_HKUST/DCIM/DJI_202601071424_001::DJI_20260107143259_0005,96,unclear_ignore,asphalt_road,low,codex_prefilled_needs_review,codex_draft_v1: dark gray low-saturation hardscape heuristic | original_note: heuristic could not assign a reliable surface-cover suggestion
20260107_Thermal_HKUST/DCIM/DJI_202601071424_001::DJI_20260107143259_0005,97,concrete_pavement,roof,medium,codex_prefilled_needs_review,codex_draft_v1: bright low-saturation compact segment | original_note: bright low-saturation hardscape heuristic
20260107_Thermal_HKUST/DCIM/DJI_202601071424_001::DJI_20260107143259_0005,98,water,vegetation_tree,low,codex_prefilled_needs_review,codex_draft_v1: cool-toned shaded canopy-like segment | original_note: blue/cyan heuristic; review required
20260107_Thermal_HKUST/DCIM/DJI_202601071424_001::DJI_20260107143259_0005,99,water,unclear_ignore,low,codex_prefilled_needs_review,codex_draft_v1: ambiguous mixed segment; human review needed | original_note: blue/cyan heuristic; review required
20260107_Thermal_HKUST/DCIM/DJI_202601071424_001::DJI_20260107143259_0005,100,unclear_ignore,vegetation_tree,medium,codex_prefilled_needs_review,codex_draft_v1: green or textured canopy-like segment | original_note: heuristic could not assign a reliable surface-cover suggestion
20260107_Thermal_HKUST/DCIM/DJI_202601071424_001::DJI_20260107143259_0005,101,water,unclear_ignore,low,codex_prefilled_needs_review,codex_draft_v1: ambiguous mixed segment; human review needed | original_note: blue/cyan heuristic; review required
20260107_Thermal_HKUST/DCIM/DJI_202601071424_001::DJI_20260107143259_0005,102,concrete_pavement,roof,low,codex_prefilled_needs_review,codex_draft_v1: medium-bright compact built-surface segment | original_note: bright low-saturation hardscape heuristic
20260107_Thermal_HKUST/DCIM/DJI_202601071424_001::DJI_20260107143259_0005,103,concrete_pavement,roof,medium,codex_prefilled_needs_review,codex_draft_v1: bright low-saturation compact segment | original_note: bright low-saturation hardscape heuristic
20260107_Thermal_HKUST/DCIM/DJI_202601071424_001::DJI_20260107143259_0005,104,unclear_ignore,vegetation_tree,low,codex_prefilled_needs_review,codex_draft_v1: cool-toned shaded canopy-like segment | original_note: heuristic could not assign a reliable surface-cover suggestion
20260107_Thermal_HKUST/DCIM/DJI_202601071424_001::DJI_20260107143259_0005,105,unclear_ignore,vegetation_tree,medium,codex_prefilled_needs_review,codex_draft_v1: green or textured canopy-like segment | original_note: heuristic could not assign a reliable surface-cover suggestion
20260107_Thermal_HKUST/DCIM/DJI_202601071424_001::DJI_20260107143259_0005,106,unclear_ignore,vegetation_tree,medium,codex_prefilled_needs_review,codex_draft_v1: green or textured canopy-like segment | original_note: heuristic could not assign a reliable surface-cover suggestion
20260107_Thermal_HKUST/DCIM/DJI_202601071424_001::DJI_20260107143259_0005,107,water,vegetation_tree,low,codex_prefilled_needs_review,codex_draft_v1: cool-toned shaded canopy-like segment | original_note: blue/cyan heuristic; review required
20260107_Thermal_HKUST/DCIM/DJI_202601071424_001::DJI_20260107143259_0005,108,unclear_ignore,asphalt_road,low,codex_prefilled_needs_review,codex_draft_v1: dark gray low-saturation hardscape heuristic | original_note: heuristic could not assign a reliable surface-cover suggestion
20260107_Thermal_HKUST/DCIM/DJI_202601071424_001::DJI_20260107143259_0005,109,unclear_ignore,vegetation_tree,medium,codex_prefilled_needs_review,codex_draft_v1: green or textured canopy-like segment | original_note: heuristic could not assign a reliable surface-cover suggestion
20260107_Thermal_HKUST/DCIM/DJI_202601071424_001::DJI_20260107143259_0005,110,unclear_ignore,vegetation_tree,medium,codex_prefilled_needs_review,codex_draft_v1: green or textured canopy-like segment | original_note: heuristic could not assign a reliable surface-cover suggestion
20260107_Thermal_HKUST/DCIM/DJI_202601071424_001::DJI_20260107143259_0005,111,unclear_ignore,asphalt_road,low,codex_prefilled_needs_review,codex_draft_v1: dark gray low-saturation hardscape heuristic | original_note: heuristic could not assign a reliable surface-cover suggestion
20260107_Thermal_HKUST/DCIM/DJI_202601071424_001::DJI_20260107143259_0005,112,unclear_ignore,bare_soil,low,codex_prefilled_needs_review,codex_draft_v1: brown/orange exposed-ground color heuristic | original_note: heuristic could not assign a reliable surface-cover suggestion
20260107_Thermal_HKUST/DCIM/DJI_202601071424_001::DJI_20260107143259_0005,113,water,vegetation_tree,low,codex_prefilled_needs_review,codex_draft_v1: cool-toned shaded canopy-like segment | original_note: blue/cyan heuristic; review required
20260107_Thermal_HKUST/DCIM/DJI_202601071424_001::DJI_20260107143259_0005,114,unclear_ignore,roof,low,codex_prefilled_needs_review,codex_draft_v1: medium-bright compact built-surface segment | original_note: heuristic could not assign a reliable surface-cover suggestion
20260107_Thermal_HKUST/DCIM/DJI_202601071424_001::DJI_20260107143259_0005,115,unclear_ignore,vegetation_tree,medium,codex_prefilled_needs_review,codex_draft_v1: green or textured canopy-like segment | original_note: heuristic could not assign a reliable surface-cover suggestion
20260107_Thermal_HKUST/DCIM/DJI_202601071424_001::DJI_20260107143259_0005,116,unclear_ignore,bare_soil,low,codex_prefilled_needs_review,codex_draft_v1: brown/orange exposed-ground color heuristic | original_note: heuristic could not assign a reliable surface-cover suggestion
20260107_Thermal_HKUST/DCIM/DJI_202601071424_001::DJI_20260107143259_0005,117,unclear_ignore,unclear_ignore,low,codex_prefilled_needs_review,codex_draft_v1: ambiguous mixed segment; human review needed | original_note: heuristic could not assign a reliable surface-cover suggestion
20260107_Thermal_HKUST/DCIM/DJI_202601071424_001::DJI_20260107143259_0005,118,unclear_ignore,vegetation_tree,medium,codex_prefilled_needs_review,codex_draft_v1: green or textured canopy-like segment | original_note: heuristic could not assign a reliable surface-cover suggestion
20260107_Thermal_HKUST/DCIM/DJI_202601071424_001::DJI_20260107143259_0005,119,unclear_ignore,roof,medium,codex_prefilled_needs_review,codex_draft_v1: bright low-saturation compact segment | original_note: heuristic could not assign a reliable surface-cover suggestion
20260107_Thermal_HKUST/DCIM/DJI_202601071424_001::DJI_20260107143259_0005,120,unclear_ignore,bare_soil,low,codex_prefilled_needs_review,codex_draft_v1: brown/orange exposed-ground color heuristic | original_note: heuristic could not assign a reliable surface-cover suggestion
20260107_Thermal_HKUST/DCIM/DJI_202601071424_001::DJI_20260107143259_0005,121,unclear_ignore,vegetation_tree,medium,codex_prefilled_needs_review,codex_draft_v1: green or textured canopy-like segment | original_note: heuristic could not assign a reliable surface-cover suggestion
20260107_Thermal_HKUST/DCIM/DJI_202601071424_001::DJI_20260107143259_0005,122,water,unclear_ignore,low,codex_prefilled_needs_review,codex_draft_v1: ambiguous mixed segment; human review needed | original_note: blue/cyan heuristic; review required
20260107_Thermal_HKUST/DCIM/DJI_202601071424_001::DJI_20260107143259_0005,123,water,unclear_ignore,low,codex_prefilled_needs_review,codex_draft_v1: ambiguous mixed segment; human review needed | original_note: blue/cyan heuristic; review required
20260107_Thermal_HKUST/DCIM/DJI_202601071424_001::DJI_20260107143259_0005,124,concrete_pavement,concrete_pavement,medium,codex_prefilled_needs_review,codex_draft_v1: bright low-saturation hardscape segment | original_note: bright low-saturation hardscape heuristic
20260107_Thermal_HKUST/DCIM/DJI_202601071424_001::DJI_20260107143259_0005,125,concrete_pavement,roof,medium,codex_prefilled_needs_review,codex_draft_v1: bright low-saturation compact segment | original_note: bright low-saturation hardscape heuristic
20260107_Thermal_HKUST/DCIM/DJI_202601071424_001::DJI_20260107143259_0005,126,unclear_ignore,vegetation_tree,medium,codex_prefilled_needs_review,codex_draft_v1: green or textured canopy-like segment | original_note: heuristic could not assign a reliable surface-cover suggestion
20260107_Thermal_HKUST/DCIM/DJI_202601071424_001::DJI_20260107143259_0005,127,unclear_ignore,vegetation_tree,medium,codex_prefilled_needs_review,codex_draft_v1: green or textured canopy-like segment | original_note: heuristic could not assign a reliable surface-cover suggestion
20260107_Thermal_HKUST/DCIM/DJI_202601071424_001::DJI_20260107143259_0005,128,unclear_ignore,bare_soil,low,codex_prefilled_needs_review,codex_draft_v1: brown/orange exposed-ground color heuristic | original_note: heuristic could not assign a reliable surface-cover suggestion
20260107_Thermal_HKUST/DCIM/DJI_202601071424_001::DJI_20260107143259_0005,129,asphalt_road,asphalt_road,low,codex_prefilled_needs_review,codex_draft_v1: dark gray low-saturation hardscape heuristic | original_note: dark low-saturation hardscape heuristic
20260107_Thermal_HKUST/DCIM/DJI_202601071424_001::DJI_20260107143259_0005,130,unclear_ignore,asphalt_road,low,codex_prefilled_needs_review,codex_draft_v1: dark gray low-saturation hardscape heuristic | original_note: heuristic could not assign a reliable surface-cover suggestion
20260107_Thermal_HKUST/DCIM/DJI_202601071424_001::DJI_20260107143259_0005,131,unclear_ignore,vegetation_tree,medium,codex_prefilled_needs_review,codex_draft_v1: green or textured canopy-like segment | original_note: heuristic could not assign a reliable surface-cover suggestion
20260107_Thermal_HKUST/DCIM/DJI_202601071424_001::DJI_20260107143259_0005,132,asphalt_road,vegetation_tree,medium,codex_prefilled_needs_review,codex_draft_v1: green or textured canopy-like segment | original_note: dark low-saturation hardscape heuristic
20260107_Thermal_HKUST/DCIM/DJI_202601071424_001::DJI_20260107143259_0005,133,concrete_pavement,roof,medium,codex_prefilled_needs_review,codex_draft_v1: bright low-saturation compact segment | original_note: bright low-saturation hardscape heuristic
20260107_Thermal_HKUST/DCIM/DJI_202601071424_001::DJI_20260107143259_0005,134,unclear_ignore,unclear_ignore,low,codex_prefilled_needs_review,codex_draft_v1: ambiguous mixed segment; human review needed | original_note: heuristic could not assign a reliable surface-cover suggestion
20260107_Thermal_HKUST/DCIM/DJI_202601071424_001::DJI_20260107143259_0005,135,unclear_ignore,vegetation_tree,low,codex_prefilled_needs_review,codex_draft_v1: cool-toned shaded canopy-like segment | original_note: heuristic could not assign a reliable surface-cover suggestion
20260107_Thermal_HKUST/DCIM/DJI_202601071424_001::DJI_20260107143259_0005,136,asphalt_road,asphalt_road,low,codex_prefilled_needs_review,codex_draft_v1: dark gray low-saturation hardscape heuristic | original_note: dark low-saturation hardscape heuristic
20260107_Thermal_HKUST/DCIM/DJI_202601071424_001::DJI_20260107143259_0005,137,unclear_ignore,bare_soil,low,codex_prefilled_needs_review,codex_draft_v1: brown/orange exposed-ground color heuristic | original_note: heuristic could not assign a reliable surface-cover suggestion
20260107_Thermal_HKUST/DCIM/DJI_202601071424_001::DJI_20260107143259_0005,138,unclear_ignore,vegetation_tree,medium,codex_prefilled_needs_review,codex_draft_v1: green or textured canopy-like segment | original_note: heuristic could not assign a reliable surface-cover suggestion
20260107_Thermal_HKUST/DCIM/DJI_202601071424_001::DJI_20260107143259_0005,139,concrete_pavement,roof,medium,codex_prefilled_needs_review,codex_draft_v1: bright low-saturation compact segment | original_note: bright low-saturation hardscape heuristic
20260107_Thermal_HKUST/DCIM/DJI_202601071424_001::DJI_20260107143259_0005,140,unclear_ignore,bare_soil,low,codex_prefilled_needs_review,codex_draft_v1: brown/orange exposed-ground color heuristic | original_note: heuristic could not assign a reliable surface-cover suggestion
20260107_Thermal_HKUST/DCIM/DJI_202601071424_001::DJI_20260107143259_0005,141,unclear_ignore,unclear_ignore,low,codex_prefilled_needs_review,codex_draft_v1: ambiguous mixed segment; human review needed | original_note: heuristic could not assign a reliable surface-cover suggestion
20260107_Thermal_HKUST/DCIM/DJI_202601071424_001::DJI_20260107143259_0005,142,unclear_ignore,vegetation_tree,medium,codex_prefilled_needs_review,codex_draft_v1: green or textured canopy-like segment | original_note: heuristic could not assign a reliable surface-cover suggestion
20260107_Thermal_HKUST/DCIM/DJI_202601071424_001::DJI_20260107143259_0005,143,unclear_ignore,vegetation_tree,medium,codex_prefilled_needs_review,codex_draft_v1: green or textured canopy-like segment | original_note: heuristic could not assign a reliable surface-cover suggestion
20260107_Thermal_HKUST/DCIM/DJI_202601071424_001::DJI_20260107143259_0005,144,unclear_ignore,vegetation_tree,low,codex_prefilled_needs_review,codex_draft_v1: cool-toned shaded canopy-like segment | original_note: heuristic could not assign a reliable surface-cover suggestion
20260107_Thermal_HKUST/DCIM/DJI_202601071424_001::DJI_20260107143259_0005,145,concrete_pavement,roof,medium,codex_prefilled_needs_review,codex_draft_v1: bright low-saturation compact segment | original_note: bright low-saturation hardscape heuristic
20260107_Thermal_HKUST/DCIM/DJI_202601071424_001::DJI_20260107143259_0005,146,asphalt_road,vegetation_tree,medium,codex_prefilled_needs_review,codex_draft_v1: green or textured canopy-like segment | original_note: dark low-saturation hardscape heuristic
20260107_Thermal_HKUST/DCIM/DJI_202601071424_001::DJI_20260107143259_0005,147,unclear_ignore,roof,low,codex_prefilled_needs_review,codex_draft_v1: medium-bright compact built-surface segment | original_note: heuristic could not assign a reliable surface-cover suggestion
20260107_Thermal_HKUST/DCIM/DJI_202601071424_001::DJI_20260107143259_0005,148,unclear_ignore,vegetation_tree,medium,codex_prefilled_needs_review,codex_draft_v1: green or textured canopy-like segment | original_note: heuristic could not assign a reliable surface-cover suggestion
20260107_Thermal_HKUST/DCIM/DJI_202601071424_001::DJI_20260107143259_0005,149,unclear_ignore,vegetation_tree,medium,codex_prefilled_needs_review,codex_draft_v1: green or textured canopy-like segment | original_note: heuristic could not assign a reliable surface-cover suggestion
20260107_Thermal_HKUST/DCIM/DJI_202601071424_001::DJI_20260107143259_0005,150,unclear_ignore,vegetation_tree,medium,codex_prefilled_needs_review,codex_draft_v1: green or textured canopy-like segment | original_note: heuristic could not assign a reliable surface-cover suggestion
20260107_Thermal_HKUST/DCIM/DJI_202601071424_001::DJI_20260107143259_0005,151,unclear_ignore,vegetation_tree,low,codex_prefilled_needs_review,codex_draft_v1: cool-toned shaded canopy-like segment | original_note: heuristic could not assign a reliable surface-cover suggestion
20260107_Thermal_HKUST/DCIM/DJI_202601071424_001::DJI_20260107143259_0005,152,water,vegetation_tree,low,codex_prefilled_needs_review,codex_draft_v1: cool-toned shaded canopy-like segment | original_note: blue/cyan heuristic; review required
20260107_Thermal_HKUST/DCIM/DJI_202601071424_001::DJI_20260107143259_0005,153,unclear_ignore,concrete_pavement,medium,codex_prefilled_needs_review,codex_draft_v1: medium-bright hardscape segment | original_note: heuristic could not assign a reliable surface-cover suggestion
20260107_Thermal_HKUST/DCIM/DJI_202601071424_001::DJI_20260107143259_0005,154,asphalt_road,asphalt_road,low,codex_prefilled_needs_review,codex_draft_v1: dark gray low-saturation hardscape heuristic | original_note: dark low-saturation hardscape heuristic
20260107_Thermal_HKUST/DCIM/DJI_202601071424_001::DJI_20260107143259_0005,155,unclear_ignore,bare_soil,low,codex_prefilled_needs_review,codex_draft_v1: brown/orange exposed-ground color heuristic | original_note: heuristic could not assign a reliable surface-cover suggestion
20260107_Thermal_HKUST/DCIM/DJI_202601071424_001::DJI_20260107143259_0005,156,unclear_ignore,unclear_ignore,low,codex_prefilled_needs_review,codex_draft_v1: ambiguous mixed segment; human review needed | original_note: heuristic could not assign a reliable surface-cover suggestion
20260107_Thermal_HKUST/DCIM/DJI_202601071424_001::DJI_20260107143259_0005,157,concrete_pavement,roof,medium,codex_prefilled_needs_review,codex_draft_v1: bright low-saturation compact segment | original_note: bright low-saturation hardscape heuristic
20260107_Thermal_HKUST/DCIM/DJI_202601071424_001::DJI_20260107143259_0005,158,unclear_ignore,bare_soil,low,codex_prefilled_needs_review,codex_draft_v1: brown/orange exposed-ground color heuristic | original_note: heuristic could not assign a reliable surface-cover suggestion
20260107_Thermal_HKUST/DCIM/DJI_202601071424_001::DJI_20260107143259_0005,159,unclear_ignore,vegetation_tree,medium,codex_prefilled_needs_review,codex_draft_v1: green or textured canopy-like segment | original_note: heuristic could not assign a reliable surface-cover suggestion
