pair_id,image_id,class_id,class_name,pixel_count,valid_temperature_pixel_count,mean_temperature_c,median_temperature_c,std_temperature_c,qa_label
20260107_Thermal_HKUST/DCIM/DJI_202601071424_001::DJI_20260107143259_0005,DJI_20260107143259_0005,0,no_data_unreviewed,0,0,,,,"QA statistics only, not final delta T analysis"
20260107_Thermal_HKUST/DCIM/DJI_202601071424_001::DJI_20260107143259_0005,DJI_20260107143259_0005,1,roof,30014,30014,13.36777400970459,12.247217178344727,5.397075653076172,"QA statistics only, not final delta T analysis"
20260107_Thermal_HKUST/DCIM/DJI_202601071424_001::DJI_20260107143259_0005,DJI_20260107143259_0005,2,concrete_pavement,20871,20871,18.687419891357422,18.1257266998291,5.601804733276367,"QA statistics only, not final delta T analysis"
20260107_Thermal_HKUST/DCIM/DJI_202601071424_001::DJI_20260107143259_0005,DJI_20260107143259_0005,3,asphalt_road,0,0,,,,"QA statistics only, not final delta T analysis"
20260107_Thermal_HKUST/DCIM/DJI_202601071424_001::DJI_20260107143259_0005,DJI_20260107143259_0005,4,vegetation_tree,262255,262255,10.47669506072998,10.191156387329102,1.8191300630569458,"QA statistics only, not final delta T analysis"
20260107_Thermal_HKUST/DCIM/DJI_202601071424_001::DJI_20260107143259_0005,DJI_20260107143259_0005,5,grass_low_vegetation,14540,14540,20.926210403442383,21.2896671295166,3.410025119781494,"QA statistics only, not final delta T analysis"
20260107_Thermal_HKUST/DCIM/DJI_202601071424_001::DJI_20260107143259_0005,DJI_20260107143259_0005,6,bare_soil,0,0,,,,"QA statistics only, not final delta T analysis"
20260107_Thermal_HKUST/DCIM/DJI_202601071424_001::DJI_20260107143259_0005,DJI_20260107143259_0005,7,water,0,0,,,,"QA statistics only, not final delta T analysis"
20260107_Thermal_HKUST/DCIM/DJI_202601071424_001::DJI_20260107143259_0005,DJI_20260107143259_0005,8,vehicle_temporary_object,0,0,,,,"QA statistics only, not final delta T analysis"
20260107_Thermal_HKUST/DCIM/DJI_202601071424_001::DJI_20260107143259_0005,DJI_20260107143259_0005,9,unclear_ignore,0,0,,,,"QA statistics only, not final delta T analysis"
20260107_Thermal_HKUST/DCIM/DJI_202601071424_001::DJI_20260107143320_0007,DJI_20260107143320_0007,0,no_data_unreviewed,0,0,,,,"QA statistics only, not final delta T analysis"
20260107_Thermal_HKUST/DCIM/DJI_202601071424_001::DJI_20260107143320_0007,DJI_20260107143320_0007,1,roof,91251,91251,14.310670852661133,13.201745986938477,6.76283597946167,"QA statistics only, not final delta T analysis"
20260107_Thermal_HKUST/DCIM/DJI_202601071424_001::DJI_20260107143320_0007,DJI_20260107143320_0007,2,concrete_pavement,67562,67562,14.92434310913086,13.421869277954102,5.2712016105651855,"QA statistics only, not final delta T analysis"
20260107_Thermal_HKUST/DCIM/DJI_202601071424_001::DJI_20260107143320_0007,DJI_20260107143320_0007,3,asphalt_road,0,0,,,,"QA statistics only, not final delta T analysis"
20260107_Thermal_HKUST/DCIM/DJI_202601071424_001::DJI_20260107143320_0007,DJI_20260107143320_0007,4,vegetation_tree,145962,145962,11.643482208251953,11.219598770141602,2.373684883117676,"QA statistics only, not final delta T analysis"
20260107_Thermal_HKUST/DCIM/DJI_202601071424_001::DJI_20260107143320_0007,DJI_20260107143320_0007,5,grass_low_vegetation,14241,14241,19.503524780273438,20.185815811157227,3.4071297645568848,"QA statistics only, not final delta T analysis"
20260107_Thermal_HKUST/DCIM/DJI_202601071424_001::DJI_20260107143320_0007,DJI_20260107143320_0007,6,bare_soil,8664,8664,20.35988998413086,22.39348793029785,5.8517608642578125,"QA statistics only, not final delta T analysis"
20260107_Thermal_HKUST/DCIM/DJI_202601071424_001::DJI_20260107143320_0007,DJI_20260107143320_0007,7,water,0,0,,,,"QA statistics only, not final delta T analysis"
20260107_Thermal_HKUST/DCIM/DJI_202601071424_001::DJI_20260107143320_0007,DJI_20260107143320_0007,8,vehicle_temporary_object,0,0,,,,"QA statistics only, not final delta T analysis"
20260107_Thermal_HKUST/DCIM/DJI_202601071424_001::DJI_20260107143320_0007,DJI_20260107143320_0007,9,unclear_ignore,0,0,,,,"QA statistics only, not final delta T analysis"
20260107_Thermal_HKUST/DCIM/DJI_202601071424_001::DJI_20260107143328_0008,DJI_20260107143328_0008,0,no_data_unreviewed,0,0,,,,"QA statistics only, not final delta T analysis"
20260107_Thermal_HKUST/DCIM/DJI_202601071424_001::DJI_20260107143328_0008,DJI_20260107143328_0008,1,roof,124088,124088,14.740788459777832,14.229944229125977,6.789871692657471,"QA statistics only, not final delta T analysis"
20260107_Thermal_HKUST/DCIM/DJI_202601071424_001::DJI_20260107143328_0008,DJI_20260107143328_0008,2,concrete_pavement,64721,64721,14.646576881408691,13.201745986938477,5.467883586883545,"QA statistics only, not final delta T analysis"
20260107_Thermal_HKUST/DCIM/DJI_202601071424_001::DJI_20260107143328_0008,DJI_20260107143328_0008,3,asphalt_road,0,0,,,,"QA statistics only, not final delta T analysis"
20260107_Thermal_HKUST/DCIM/DJI_202601071424_001::DJI_20260107143328_0008,DJI_20260107143328_0008,4,vegetation_tree,130564,130564,11.03822135925293,10.558740615844727,2.1359519958496094,"QA statistics only, not final delta T analysis"
20260107_Thermal_HKUST/DCIM/DJI_202601071424_001::DJI_20260107143328_0008,DJI_20260107143328_0008,5,grass_low_vegetation,6749,6749,19.32927894592285,20.185815811157227,2.972541332244873,"QA statistics only, not final delta T analysis"
20260107_Thermal_HKUST/DCIM/DJI_202601071424_001::DJI_20260107143328_0008,DJI_20260107143328_0008,6,bare_soil,1558,1558,19.564678192138672,19.891321182250977,1.824472427368164,"QA statistics only, not final delta T analysis"
20260107_Thermal_HKUST/DCIM/DJI_202601071424_001::DJI_20260107143328_0008,DJI_20260107143328_0008,7,water,0,0,,,,"QA statistics only, not final delta T analysis"
20260107_Thermal_HKUST/DCIM/DJI_202601071424_001::DJI_20260107143328_0008,DJI_20260107143328_0008,8,vehicle_temporary_object,0,0,,,,"QA statistics only, not final delta T analysis"
20260107_Thermal_HKUST/DCIM/DJI_202601071424_001::DJI_20260107143328_0008,DJI_20260107143328_0008,9,unclear_ignore,0,0,,,,"QA statistics only, not final delta T analysis"
20260107_Thermal_HKUST/DCIM/DJI_202601071424_001::DJI_20260107143344_0009,DJI_20260107143344_0009,0,no_data_unreviewed,0,0,,,,"QA statistics only, not final delta T analysis"
20260107_Thermal_HKUST/DCIM/DJI_202601071424_001::DJI_20260107143344_0009,DJI_20260107143344_0009,1,roof,163090,163090,14.013280868530273,13.641992568969727,6.320103645324707,"QA statistics only, not final delta T analysis"
20260107_Thermal_HKUST/DCIM/DJI_202601071424_001::DJI_20260107143344_0009,DJI_20260107143344_0009,2,concrete_pavement,75342,75342,15.224454879760742,13.495233535766602,5.922506809234619,"QA statistics only, not final delta T analysis"
20260107_Thermal_HKUST/DCIM/DJI_202601071424_001::DJI_20260107143344_0009,DJI_20260107143344_0009,3,asphalt_road,0,0,,,,"QA statistics only, not final delta T analysis"
20260107_Thermal_HKUST/DCIM/DJI_202601071424_001::DJI_20260107143344_0009,DJI_20260107143344_0009,4,vegetation_tree,86417,86417,10.420074462890625,9.899164199829102,1.9358078241348267,"QA statistics only, not final delta T analysis"
20260107_Thermal_HKUST/DCIM/DJI_202601071424_001::DJI_20260107143344_0009,DJI_20260107143344_0009,5,grass_low_vegetation,2831,2831,8.791529655456543,8.652521133422852,1.0284451246261597,"QA statistics only, not final delta T analysis"
20260107_Thermal_HKUST/DCIM/DJI_202601071424_001::DJI_20260107143344_0009,DJI_20260107143344_0009,6,bare_soil,0,0,,,,"QA statistics only, not final delta T analysis"
20260107_Thermal_HKUST/DCIM/DJI_202601071424_001::DJI_20260107143344_0009,DJI_20260107143344_0009,7,water,0,0,,,,"QA statistics only, not final delta T analysis"
20260107_Thermal_HKUST/DCIM/DJI_202601071424_001::DJI_20260107143344_0009,DJI_20260107143344_0009,8,vehicle_temporary_object,0,0,,,,"QA statistics only, not final delta T analysis"
20260107_Thermal_HKUST/DCIM/DJI_202601071424_001::DJI_20260107143344_0009,DJI_20260107143344_0009,9,unclear_ignore,0,0,,,,"QA statistics only, not final delta T analysis"
20260107_Thermal_HKUST/DCIM/DJI_202601071424_001::DJI_20260107143401_0011,DJI_20260107143401_0011,0,no_data_unreviewed,0,0,,,,"QA statistics only, not final delta T analysis"
20260107_Thermal_HKUST/DCIM/DJI_202601071424_001::DJI_20260107143401_0011,DJI_20260107143401_0011,1,roof,161158,161158,14.888727188110352,15.552148818969727,7.216569900512695,"QA statistics only, not final delta T analysis"
20260107_Thermal_HKUST/DCIM/DJI_202601071424_001::DJI_20260107143401_0011,DJI_20260107143401_0011,2,concrete_pavement,94360,94360,12.817509651184082,12.099542617797852,5.8633809089660645,"QA statistics only, not final delta T analysis"
20260107_Thermal_HKUST/DCIM/DJI_202601071424_001::DJI_20260107143401_0011,DJI_20260107143401_0011,3,asphalt_road,0,0,,,,"QA statistics only, not final delta T analysis"
20260107_Thermal_HKUST/DCIM/DJI_202601071424_001::DJI_20260107143401_0011,DJI_20260107143401_0011,4,vegetation_tree,71131,71131,10.018159866333008,9.752618789672852,1.6540703773498535,"QA statistics only, not final delta T analysis"
20260107_Thermal_HKUST/DCIM/DJI_202601071424_001::DJI_20260107143401_0011,DJI_20260107143401_0011,5,grass_low_vegetation,1031,1031,14.347118377685547,14.009759902954102,3.0928125381469727,"QA statistics only, not final delta T analysis"
20260107_Thermal_HKUST/DCIM/DJI_202601071424_001::DJI_20260107143401_0011,DJI_20260107143401_0011,6,bare_soil,0,0,,,,"QA statistics only, not final delta T analysis"
20260107_Thermal_HKUST/DCIM/DJI_202601071424_001::DJI_20260107143401_0011,DJI_20260107143401_0011,7,water,0,0,,,,"QA statistics only, not final delta T analysis"
20260107_Thermal_HKUST/DCIM/DJI_202601071424_001::DJI_20260107143401_0011,DJI_20260107143401_0011,8,vehicle_temporary_object,0,0,,,,"QA statistics only, not final delta T analysis"
20260107_Thermal_HKUST/DCIM/DJI_202601071424_001::DJI_20260107143401_0011,DJI_20260107143401_0011,9,unclear_ignore,0,0,,,,"QA statistics only, not final delta T analysis"
